-- phpMyAdmin SQL Dump
-- version 4.8.3
-- https://www.phpmyadmin.net/
--
-- Servidor: 127.0.0.1
-- Tiempo de generación: 28-11-2018 a las 23:40:39
-- Versión del servidor: 10.1.36-MariaDB
-- Versión de PHP: 7.2.10

SET SQL_MODE = "NO_AUTO_VALUE_ON_ZERO";
SET AUTOCOMMIT = 0;
START TRANSACTION;
SET time_zone = "+00:00";


/*!40101 SET @OLD_CHARACTER_SET_CLIENT=@@CHARACTER_SET_CLIENT */;
/*!40101 SET @OLD_CHARACTER_SET_RESULTS=@@CHARACTER_SET_RESULTS */;
/*!40101 SET @OLD_COLLATION_CONNECTION=@@COLLATION_CONNECTION */;
/*!40101 SET NAMES utf8mb4 */;

--
-- Base de datos: `beca_juventud_1.1`
--

-- --------------------------------------------------------

--
-- Estructura de tabla para la tabla `actividades`
--

CREATE TABLE `actividades` (
  `id_actividades` int(11) NOT NULL,
  `nombre` varchar(90) DEFAULT NULL,
  `logistica` varchar(95) DEFAULT NULL,
  `objetivo` varchar(200) DEFAULT NULL,
  `alcance` varchar(150) DEFAULT NULL,
  `horas` int(11) DEFAULT NULL,
  `inicio` date DEFAULT NULL,
  `final` date DEFAULT NULL,
  `estado` enum('Activo','Desactivo') DEFAULT 'Activo',
  `usuario_LaCreo` varchar(45) DEFAULT NULL,
  `casa` varchar(100) DEFAULT NULL,
  `tipo_poblacio` varchar(200) DEFAULT NULL,
  `zonas_intervencion` varchar(200) DEFAULT NULL,
  `tematica_desarrollo` varchar(200) DEFAULT NULL,
  `objetivos_especificos` varchar(800) DEFAULT NULL,
  `resultados_product` varchar(800) DEFAULT NULL,
  `actividades` varchar(800) DEFAULT NULL,
  `lugar` varchar(200) DEFAULT NULL,
  `responsable` varchar(200) DEFAULT NULL,
  `fech_implementa` date DEFAULT NULL,
  `tareas` varchar(800) DEFAULT NULL,
  `asignaciones` varchar(400) DEFAULT NULL,
  `metodologia` varchar(800) DEFAULT NULL,
  `recursos_nece` varchar(800) DEFAULT NULL,
  `presupuesto` bigint(20) DEFAULT NULL,
  `observaciones` varchar(1000) DEFAULT NULL,
  `id_poa` int(11) DEFAULT NULL,
  `latitud` varchar(500) DEFAULT NULL,
  `longitu` varchar(500) DEFAULT NULL
) ENGINE=InnoDB DEFAULT CHARSET=latin1;

-- --------------------------------------------------------

--
-- Estructura de tabla para la tabla `actividades_has_users`
--

CREATE TABLE `actividades_has_users` (
  `actividades_id_actividades` int(11) NOT NULL,
  `users_id_users` int(11) NOT NULL,
  `tipo_accion_id` int(11) NOT NULL,
  `created_at` timestamp NOT NULL DEFAULT CURRENT_TIMESTAMP ON UPDATE CURRENT_TIMESTAMP
) ENGINE=InnoDB DEFAULT CHARSET=latin1;

-- --------------------------------------------------------

--
-- Estructura de tabla para la tabla `actualizacion_periodo`
--

CREATE TABLE `actualizacion_periodo` (
  `id` int(11) NOT NULL,
  `id_datos_personales` int(11) NOT NULL,
  `calendario_universidad_id` int(11) NOT NULL,
  `promedio_global` int(11) DEFAULT NULL,
  `promedio_periodo` int(11) DEFAULT NULL,
  `created_at` timestamp NULL DEFAULT NULL,
  `updated_at` timestamp NULL DEFAULT NULL,
  `actualizacion` varchar(10) DEFAULT NULL
) ENGINE=InnoDB DEFAULT CHARSET=latin1;

--
-- Volcado de datos para la tabla `actualizacion_periodo`
--

INSERT INTO `actualizacion_periodo` (`id`, `id_datos_personales`, `calendario_universidad_id`, `promedio_global`, `promedio_periodo`, `created_at`, `updated_at`, `actualizacion`) VALUES
(45, 41, 1, 67, 89, '2018-11-20 17:10:30', '2018-11-20 17:10:30', NULL),
(46, 41, 13, 85, 85, '2018-11-20 17:11:34', '2018-11-20 17:11:34', NULL),
(47, 30, 1, 100, 86, '2018-11-20 17:22:33', '2018-11-27 16:36:35', NULL),
(48, 45, 14, 85, 78, '2018-11-21 23:59:55', '2018-11-21 23:59:55', NULL),
(49, 30, 13, 85, 65, '2018-11-26 20:40:15', '2018-11-27 16:38:37', NULL),
(50, 30, 3, 98, 100, '2018-11-26 20:52:56', '2018-11-27 16:37:44', NULL),
(51, 41, 3, 64, 100, '2018-11-26 21:00:13', '2018-11-26 21:00:13', NULL),
(53, 47, 14, 85, 75, '2018-11-27 15:42:25', '2018-11-27 15:42:25', NULL),
(54, 46, 21, 85, 75, '2018-11-28 15:44:26', '2018-11-28 15:44:26', NULL),
(55, 46, 12, 85, 75, '2018-11-28 15:50:31', '2018-11-28 15:50:31', NULL),
(56, 45, 22, 85, 100, '2018-11-28 15:53:49', '2018-11-28 15:53:49', NULL),
(57, 45, 23, 98, 75, '2018-11-28 16:19:50', '2018-11-28 16:19:50', NULL),
(58, 45, 24, 98, 100, '2018-11-28 16:19:58', '2018-11-28 16:19:58', NULL),
(59, 47, 22, 85, 75, '2018-11-28 19:43:06', '2018-11-28 19:43:06', NULL);

-- --------------------------------------------------------

--
-- Estructura de tabla para la tabla `actulizacion_documentos_has_users`
--

CREATE TABLE `actulizacion_documentos_has_users` (
  `actulizacion_documentos_id` int(11) NOT NULL,
  `users_id_users` int(11) NOT NULL,
  `tipo_accion_id` int(11) NOT NULL,
  `created_at` timestamp NOT NULL DEFAULT CURRENT_TIMESTAMP ON UPDATE CURRENT_TIMESTAMP
) ENGINE=InnoDB DEFAULT CHARSET=latin1;

-- --------------------------------------------------------

--
-- Estructura de tabla para la tabla `banco`
--

CREATE TABLE `banco` (
  `id_banco` int(11) NOT NULL,
  `cuenta_bancaria` varchar(100) DEFAULT NULL,
  `nombre_banco` varchar(100) DEFAULT NULL
) ENGINE=InnoDB DEFAULT CHARSET=latin1;

-- --------------------------------------------------------

--
-- Estructura de tabla para la tabla `banco_has_users`
--

CREATE TABLE `banco_has_users` (
  `banco_id_banco` int(11) NOT NULL,
  `users_id_users` int(11) NOT NULL,
  `tipo_accion_id` int(11) NOT NULL,
  `created_at` timestamp NOT NULL DEFAULT CURRENT_TIMESTAMP ON UPDATE CURRENT_TIMESTAMP
) ENGINE=InnoDB DEFAULT CHARSET=latin1;

-- --------------------------------------------------------

--
-- Estructura de tabla para la tabla `becas`
--

CREATE TABLE `becas` (
  `id` int(11) NOT NULL,
  `nombre` varchar(45) NOT NULL,
  `monto` double NOT NULL,
  `descripcion` varchar(225) NOT NULL,
  `created_at` date DEFAULT NULL,
  `updated_at` date DEFAULT NULL
) ENGINE=InnoDB DEFAULT CHARSET=latin1;

--
-- Volcado de datos para la tabla `becas`
--

INSERT INTO `becas` (`id`, `nombre`, `monto`, `descripcion`, `created_at`, `updated_at`) VALUES
(1, 'Beca juventud', 3000, 'Beca nueva de 20/20', '2018-10-24', '2018-11-26'),
(14, 'Beca Internacional', 4000, 'becas 20/20', '2018-11-01', '2018-11-01'),
(15, 'Beca 20/20', 3000, 'Misquitos', '2018-11-26', '2018-11-26'),
(16, 'Beca Juvenil', 100000, 'Juvenil', '2018-11-26', '2018-11-26'),
(17, 'Beca niño', 1000, 'Infantil', '2018-11-26', '2018-11-26');

-- --------------------------------------------------------

--
-- Estructura de tabla para la tabla `calendario_universidad`
--

CREATE TABLE `calendario_universidad` (
  `id` int(11) NOT NULL,
  `universidad_id` int(11) NOT NULL,
  `inicio` date NOT NULL,
  `final` date DEFAULT NULL,
  `solicitud_convenio` date DEFAULT NULL,
  `periodo` varchar(45) DEFAULT NULL,
  `updated_at` timestamp NULL DEFAULT NULL,
  `created_at` timestamp NULL DEFAULT NULL,
  `descripcion` varchar(45) DEFAULT NULL
) ENGINE=InnoDB DEFAULT CHARSET=latin1;

--
-- Volcado de datos para la tabla `calendario_universidad`
--

INSERT INTO `calendario_universidad` (`id`, `universidad_id`, `inicio`, `final`, `solicitud_convenio`, `periodo`, `updated_at`, `created_at`, `descripcion`) VALUES
(1, 1, '2018-02-05', '2018-05-20', '2018-01-29', 'I Periodo', '2018-11-15 20:46:43', '2018-10-29 15:31:44', 'nuevo milenio'),
(3, 1, '2018-09-12', '2018-12-16', '2018-09-05', 'III Periodo', '2018-11-16 20:55:55', '2018-10-29 19:33:20', 'pruebas'),
(9, 8, '2018-11-12', '2018-11-27', '2018-11-20', 'II Periodo', '2018-11-15 17:56:56', '2018-11-15 17:35:56', 'pruebas'),
(10, 10, '2018-11-06', '2018-11-15', '2018-11-20', 'II Periodo', '2018-11-15 17:47:06', '2018-11-15 17:47:06', 'pruebas'),
(11, 3, '2018-01-20', '2018-04-29', '2018-01-12', 'I Periodo', '2018-11-26 16:03:26', '2018-11-15 17:49:09', 'Prueba'),
(12, 4, '2018-01-10', '2018-05-21', '2018-02-06', 'I Periodo', '2018-11-27 14:15:05', '2018-11-15 19:05:06', 'Prueba'),
(13, 1, '2018-05-30', '2018-08-26', '2018-05-23', 'II Periodo', '2018-10-15 06:00:00', '2018-11-15 20:56:56', 'Segundo'),
(14, 6, '2018-01-08', '2018-03-25', '2018-01-05', 'I Periodo', '2018-11-21 23:56:54', '2018-11-21 23:56:54', NULL),
(15, 3, '2018-05-19', '2018-08-19', '2018-05-11', 'II Periodo', '2018-11-26 16:04:15', '2018-11-26 16:04:15', NULL),
(17, 3, '2018-09-01', '2018-12-23', '2018-08-24', 'III Periodo', '2018-11-26 16:22:53', '2018-11-26 16:22:53', NULL),
(20, 7, '2018-01-15', '2018-04-26', '2018-05-07', 'I Periodo', '2018-11-26 19:54:53', '2018-11-26 19:54:53', NULL),
(21, 4, '2018-06-01', '2018-09-20', '2018-06-14', 'II Periodo', '2018-11-28 15:13:25', '2018-11-28 15:13:25', NULL),
(22, 6, '2018-04-09', '2018-06-24', '2018-04-26', 'II Periodo', '2018-11-28 16:17:51', '2018-11-28 15:53:11', NULL),
(23, 6, '2018-07-09', '2018-09-23', '2018-07-18', 'III Periodo', '2018-11-28 16:18:26', '2018-11-28 16:18:26', NULL),
(24, 6, '2018-10-01', '2018-12-21', '2018-10-10', 'IV Periodo', '2018-11-28 16:19:26', '2018-11-28 16:19:26', NULL),
(25, 2, '2018-01-08', '2018-03-23', '2018-01-05', 'I Periodo', '2018-11-28 19:31:06', '2018-11-28 19:31:06', NULL),
(26, 2, '2018-04-02', '2018-06-15', '2018-03-26', 'II Periodo', '2018-11-28 19:32:26', '2018-11-28 19:32:26', NULL),
(27, 2, '2018-07-02', '2018-09-14', '2018-06-25', 'III Periodo', '2018-11-28 19:35:26', '2018-11-28 19:35:26', NULL),
(28, 2, '2018-09-24', '2018-12-15', '2018-09-17', 'IV Periodo', '2018-11-28 19:36:31', '2018-11-28 19:36:31', NULL);

-- --------------------------------------------------------

--
-- Estructura de tabla para la tabla `cambio_universidad_has_users`
--

CREATE TABLE `cambio_universidad_has_users` (
  `id` int(11) NOT NULL,
  `datos_personales_id` int(11) NOT NULL,
  `users_id` int(11) NOT NULL,
  `tipo_accion_id` int(11) NOT NULL,
  `universidad` varchar(185) DEFAULT NULL,
  `created_at` timestamp NULL DEFAULT NULL,
  `updated_at` timestamp NULL DEFAULT NULL
) ENGINE=InnoDB DEFAULT CHARSET=utf8;

-- --------------------------------------------------------

--
-- Estructura de tabla para la tabla `campus`
--

CREATE TABLE `campus` (
  `id` int(11) NOT NULL,
  `nombre` varchar(45) NOT NULL,
  `universidad_id` int(11) NOT NULL,
  `id_municipio` int(11) NOT NULL
) ENGINE=InnoDB DEFAULT CHARSET=latin1;

--
-- Volcado de datos para la tabla `campus`
--

INSERT INTO `campus` (`id`, `nombre`, `universidad_id`, `id_municipio`) VALUES
(1, 'UNAH-TEC DANLÍ', 1, 94),
(2, 'UNAH-VS', 1, 80),
(3, 'UNAH-TEC AGUÁN', 1, 0),
(4, 'CIUDAD UNIVERSITARIA', 1, 111),
(5, 'UNAH-CURLA', 1, 0),
(6, 'UNAH-CURLP', 1, 0),
(7, 'UNAH-CUROC', 1, 0),
(8, 'UNAH-CURNO', 1, 0),
(9, 'UNICAH-Tegucigalpa', 10, 0),
(10, 'UNICAH-Danlí', 10, 0),
(11, 'UNICAH-San Pedro Sula', 10, 0),
(12, 'UNICAH-Choluteca', 10, 0),
(13, 'UNICAH-Santa Rosa de Copán', 10, 0),
(14, 'UNICAH-Juticalpa', 10, 0),
(15, 'UNICAH-La Ceiba', 10, 0),
(16, 'UNICAH-Siguatepeque', 10, 0),
(17, 'UNICAH-Olanchito', 10, 0),
(18, 'UNITEC-Tegucigalpa', 4, 111),
(19, 'UNITEC-San Pedro Sula', 4, 80),
(20, 'CEUTEC-Tegucigalpa', 4, 111),
(21, 'CEUTEC-San Pedro Sula', 4, 80),
(22, 'CEUTEC-La Ceiba', 4, 1),
(23, 'UPNFM-Tegucigalpa', 13, 0),
(24, 'UPNFM-Danlí', 13, 0),
(25, 'UPNFM-San Pedro Sula', 13, 0),
(26, 'UPNFM-Choluteca', 13, 0),
(27, 'UPNFM-Santa Rosa de Copán', 13, 0),
(28, 'UPNFM-Juticalpa', 13, 0),
(29, 'UPNFM-La Ceiba', 13, 0),
(30, 'UPNFM-Santa Bárbara', 13, 0),
(31, 'UPNFM-Comayagua', 13, 0),
(32, 'UTH-Tegucigalpa', 7, 0),
(33, 'UTH-Puerto Cortes', 7, 0),
(34, 'UTH-San Pedro Sula', 7, 0),
(35, 'UTH-Choluteca', 7, 0),
(36, 'UTH-El progreso', 7, 0),
(37, 'UTH-ROATÁN', 7, 0),
(38, 'UTH-La Ceiba', 7, 0),
(39, 'UTH-Santa Bárbara', 7, 0),
(40, 'UTH-Siguatepeque', 7, 0),
(41, 'UMH-Tegucigalpa', 2, 0),
(42, 'UMH-Juticalpa', 2, 0),
(43, 'UMH-Santa Rosa de Copán', 2, 0),
(44, 'UMH-Choluteca', 2, 0),
(45, 'UMH-Yoro', 2, 0),
(46, 'UMH-Olanchito', 2, 0),
(47, 'UMH-Tela', 2, 0),
(48, 'UMH-La Esperanza', 2, 0),
(49, 'UMH-Siguatepeque', 2, 0),
(50, 'UMH-Gracias', 2, 0),
(51, 'UMH-Tocoa', 2, 34),
(52, 'UJCV-Tegucigalpa', 14, 111),
(53, 'UJCV-Comayagua', 14, 35),
(54, 'Universidad Zamorano', 18, 127),
(55, 'UCENM-Tegucigalpa', 8, 111),
(56, 'UCENM-Juticalpa', 8, 145),
(57, 'UCENM-Danli', 8, 34),
(58, 'UCENM-Catacamas', 8, 231),
(59, 'UCENM-Peña Blanca', 8, 90),
(60, 'UCENM-San Pedro Sula', 8, 80),
(61, 'UCENM-San Lorenzo', 8, 288),
(62, 'UNAG-Catacamas', 5, 231),
(74, 'UPI-Tegucigalpa', 21, 111),
(75, 'CEDAC-Tegucigalpa', 9, 111),
(76, 'CEDAC-San Pedro Sula', 9, 80),
(77, 'ESNACIFOR-Siguatepeque', 17, 53),
(78, 'USAP-San Pedro Sula', 16, 80),
(86, 'UCRISH-Tegucigalpa', 3, 111),
(87, 'UTH-Tegucigalpa', 7, 111),
(88, 'UTH-San pedro sula', 7, 80),
(89, 'UTH-Progreso', 7, 292),
(90, 'UJN-San pedro', 11, 80),
(91, 'USAP-San pedro', 12, 80),
(92, 'UNAH-CURC', 1, 35),
(96, 'CRAED CHOLUTECA', 1, 9),
(97, 'CRAED JUTICALPA', 1, 229),
(98, 'CRAED LA ENTRADA COPAN', 1, 69),
(99, 'CRAED EL PARAÍSO', 1, 95),
(100, 'CRAED EL PROGRESO', 1, 292),
(101, 'CRAED SIGUATEPEQUE', 1, 53),
(102, 'CRAED TEGUCIGALPA', 1, 111),
(103, 'CRAED TOCOA', 1, 34),
(104, 'I.T.S. TELA', 1, 8),
(105, 'TELECENTRO CHOLOMA', 1, 81),
(106, 'TELECENTO PUERTO CORTÉS', 1, 86),
(107, 'TELECENTRO GRACIAS', 1, 185),
(108, 'TELECENTRO OCOTEPEQUE', 1, 213),
(109, 'TELECENTRO ROATÁN', 1, 162),
(110, 'UPH-Tegucigalpa', 6, 111),
(111, 'UPH-Comayagua', 6, 35),
(112, 'UPH-La paz', 6, 166),
(113, 'UPH-El Progreso', 6, 292),
(114, 'UPH-La LIma', 6, 82),
(115, 'UPH-Choluteca', 6, 9),
(116, 'UPH-Danli', 6, 94),
(118, 'UCENM-La Entrada', 8, 69),
(119, 'UCENM-La Esperanza', 8, 145),
(120, 'UCENM-Morazán', 8, 294),
(121, 'UCENM-Nacaome', 8, 280),
(122, 'UCENM-Ocotepeque', 8, 213),
(123, 'UCENM-Olanchito', 8, 295),
(124, 'UCENM-Quimistán', 8, 270),
(125, 'UCENM-San Esteban', 8, 246),
(126, 'UCENM-San Marcon De Colón', 8, 23),
(127, 'UCENM-San Marcos de Ocotepeque', 8, 213),
(128, 'UCENM-Santa Bárbara', 8, 252),
(129, 'UCENM-Santa Cruz De Yojoa', 8, 90),
(130, 'UCENM-Santa Rosa De Copán', 8, 56),
(131, 'UCENM-Talanga', 8, 134),
(132, 'UCENM-Tocoa', 8, 34),
(133, 'UCENM-Trinidad', 8, 279),
(134, 'UCENM-Villanueva', 8, 91),
(135, 'UCENM-TELA', 8, 8),
(138, 'UNITEC-LA CEIBA', 4, 1);

-- --------------------------------------------------------

--
-- Estructura de tabla para la tabla `carreras`
--

CREATE TABLE `carreras` (
  `id` int(11) NOT NULL,
  `nombre` varchar(175) NOT NULL,
  `facultad_id` int(11) NOT NULL,
  `codigo_id` int(11) DEFAULT NULL
) ENGINE=InnoDB DEFAULT CHARSET=latin1;

--
-- Volcado de datos para la tabla `carreras`
--

INSERT INTO `carreras` (`id`, `nombre`, `facultad_id`, `codigo_id`) VALUES
(1, 'INGENIERIA INDUSTRIAL\r\n', 1, 1),
(2, 'INGENIERIA EN SISTEMAS\r\n', 1, 2),
(3, 'INGENIERÍA CIVIL', 1, NULL),
(4, 'INGENIERÍA ELECTRICA', 1, NULL),
(5, 'INGENIERÍA MECANICA', 1, NULL),
(6, 'INGENIERÍA QUIMÍCA INDUSTRIAL', 1, NULL),
(7, 'ENFERMERÍA', 2, NULL),
(8, 'FONOAUDIOLOGÍA', 2, NULL),
(9, 'MEDICINA Y CIRUGÍA', 2, NULL),
(10, 'NUTRICIÓN', 2, NULL),
(11, 'TERAPIA FUNCIONAL', 2, NULL),
(12, 'TÉCNICO EN RADIOTECNOLOGÍAS', 2, NULL),
(13, 'ADMINISTRACIÓN ADUANERA', 3, NULL),
(14, 'ADMINISTRACIÓN DE EMPRESAS', 3, NULL),
(15, 'ADMINISTRACIÓN PÚBLICA', 3, NULL),
(16, 'BANCA Y FINANZAS', 3, NULL),
(17, 'COMERCIO INTERNACIONAL', 3, NULL),
(18, 'CONTADURÍA PÚBLICA', 3, NULL),
(19, 'ECONOMÍA', 3, NULL),
(20, 'INFORMÁTICA ADMINISTRATIVA', 3, NULL),
(21, 'MERCADOTECNIA', 3, NULL),
(22, 'TÉCNICO EN ALIMENTOS Y BEBIDAS', 3, NULL),
(23, 'TÉCNICO EN MICROFINANZAS', 3, NULL),
(24, 'ARQUITECTURA', 4, NULL),
(25, 'EDUCACIÓN FÍSICA', 4, NULL),
(26, 'FILOSOFÍA', 4, NULL),
(27, 'LENGUAS EXTRANJERAS', 4, NULL),
(28, 'LETRAS', 4, NULL),
(29, 'MÚSICA', 4, NULL),
(30, 'PEDAGOGÍA Y CIENCIAS DE LA EDUCACIÓN', 4, NULL),
(31, 'BIOLOGÍA', 5, NULL),
(32, 'FÍSICA', 5, NULL),
(33, 'MATEMÁTICA', 5, NULL),
(34, 'MICROBIOLOGÍA', 5, NULL),
(35, 'TÉCNICO EN METALÚRGIA', 5, NULL),
(36, 'CIENCIA Y TECNOLOGÍAS DE LA INFORMACIÓN GEOGRÁFICA', 6, NULL),
(37, 'LICENCIATURA EN ASTRONOMÍA Y ASTROFÍSICA', 6, NULL),
(38, 'TÉCNICO UNIVERSITARIO EN SISTEMAS DE INFORMACIÓN GEOGRÁFICA CON ÉNFASIS EN CATASTRO', 6, NULL),
(39, 'DERECHO', 7, NULL),
(40, 'QUÍMICA Y FARMACIA', 8, NULL),
(41, 'ANTROPOLOGÍA', 9, NULL),
(42, 'DESARROLLO LOCAL', 9, NULL),
(43, 'HISTORIA', 9, NULL),
(44, 'PERIODISMO', 9, NULL),
(45, 'PSICOLOGÍA', 9, NULL),
(46, 'SOCIOLOGÍA', 9, NULL),
(47, 'TRABAJO SOCIAL', 9, NULL),
(48, 'ODONTOLOGÍA', 10, NULL),
(49, 'ADMINISTRACION DE EMPRESAS', 11, NULL),
(50, 'ADMINISTRACION ADUANERA', 11, NULL),
(51, 'ADMINISTRACION PUBLICA', 11, NULL),
(52, 'BANCA Y FINANZAS', 11, NULL),
(53, 'BIOLOGIA', 11, NULL),
(54, 'CARRERA TECNICA CORTA EN RADIOTECNOLOGIAS', 11, NULL),
(55, 'COMERCIO INTERNACIONAL', 11, NULL),
(56, 'COMERCIO INTERNACIONAL CON ORIENTACION EN AGROINDUSTRIA.', 11, NULL),
(57, 'CONTADURIA PUBLICA Y FINANZAS', 11, NULL),
(58, 'DERECHO', 11, NULL),
(59, 'FILOSOFIA', 11, NULL),
(60, 'HISTORIA', 11, NULL),
(61, 'INFORMATICA ADMINISTRATIVA', 11, NULL),
(62, 'INGENIERIA AGROINDUSTRIAL(94)', 11, NULL),
(63, 'INGENIERIA CIVIL', 11, NULL),
(64, 'INGENIERIA ELECTRICA INDUSTRIAL', 11, NULL),
(65, 'INGENIERIA EN SISTEMAS', 11, NULL),
(66, 'INGENIERIA INDUSTRIAL', 11, NULL),
(67, 'INGENIERIA MECANICA INDUSTRIAL', 11, NULL),
(68, 'INGENIERIA QUIMICA', 11, NULL),
(69, 'LENGUAS  EXTRANJERAS CON ORIENTACIÓN EN LA ENSEÑANZA DEL INGLÉS O FRANCÉS', 11, NULL),
(70, 'LICENCIATURA ECOTURISMO', 11, NULL),
(71, 'MATEMATICA', 11, NULL),
(72, 'MEDICINA', 11, NULL),
(73, 'MERCADOTECNIA', 11, NULL),
(74, 'MICROBIOLOGIA', 11, NULL),
(75, 'MUSICA', 11, NULL),
(76, 'NUTRICION', 11, NULL),
(77, 'ODONTOLOGIA', 11, NULL),
(78, 'PEDAGOGIA Y CIENCIAS DE LA EDUCACION', 11, NULL),
(79, 'PERIODISMO', 11, NULL),
(80, 'QUIMICA INDUSTRIAL', 11, NULL),
(81, 'QUIMICA Y FARMACIA', 11, NULL),
(82, 'SOCIOLOGIA', 11, NULL),
(83, 'TECN.UNIVERSITARIO EN ALIMENTOS Y BEBIDAS', 11, NULL),
(84, 'TECNICO EN ALIMENTOS', 11, NULL),
(85, 'TECNICO EN PROD. AGRICOLA', 11, NULL),
(86, 'TECNICO UNIVERSITARIO ADMINISTRACION DE EMPRESAS CAFETALERAS', 11, NULL),
(87, 'TRABAJO SOCIAL', 11, NULL),
(88, 'ADMINISTRACION DE EMPRESAS', 12, NULL),
(89, 'ARQUITECTURA', 12, NULL),
(90, 'BANCA Y FINANZAS', 12, NULL),
(91, 'CONTADURIA PUBLICA Y FINANZAS', 12, NULL),
(92, 'DERECHO', 12, NULL),
(93, 'ECONOMIA', 12, NULL),
(94, 'ECONOMIA AGRICOLA', 12, NULL),
(95, 'ENFERMERIA', 12, NULL),
(96, 'INGENIERIA AGRONOMICA', 12, NULL),
(97, 'INGENIERIA CIVIL', 12, NULL),
(98, 'INGENIERIA ELECTRICA INDUSTRIAL', 12, NULL),
(99, 'INGENIERIA FORESTAL', 12, NULL),
(100, 'INGENIERIA MECANICA INDUSTRIAL', 12, NULL),
(101, 'LENGUAS  EXTRANJERAS CON ORIENTACIÓN EN LA ENSEÑANZA DEL INGLÉS O FRANCÉS', 12, NULL),
(102, 'LICENCIATURA ECOTURISMO', 12, NULL),
(103, 'MATEMATICA', 12, NULL),
(104, 'MERCADOTECNIA', 12, NULL),
(105, 'ODONTOLOGIA', 12, NULL),
(106, 'QUIMICA INDUSTRIAL', 12, NULL),
(107, 'ADMINISTRACION DE EMPRESAS', 13, NULL),
(108, 'ADMINISTRACION DE EMPRESAS AGROPECUARIAS', 13, NULL),
(109, 'BIOLOGIA', 13, NULL),
(110, 'COMERCIO INTERNACIONAL', 13, NULL),
(111, 'COMERCIO INTERNACIONAL CON ORIENTACION EN AGROINDUSTRIA.', 13, NULL),
(112, 'CONTADURIA PUBLICA Y FINANZAS', 13, NULL),
(113, 'FISICA', 13, NULL),
(114, 'INFORMATICA ADMINISTRATIVA', 13, NULL),
(115, 'ING. EN CIENCIAS ACUICOLAS Y RECURSOS MARINO COSTERO', 13, NULL),
(116, 'INGENIERIA AGROINDUSTRIAL(94)', 13, NULL),
(117, 'INGENIERIA ELECTRICA INDUSTRIAL', 13, NULL),
(118, 'INGENIERIA EN SISTEMAS', 13, NULL),
(119, 'INGENIERIA INDUSTRIAL', 13, NULL),
(120, 'INGENIERIA QUIMICA', 13, NULL),
(121, 'LENGUAS  EXTRANJERAS CON ORIENTACIÓN EN LA ENSEÑANZA DEL INGLÉS O FRANCÉS', 13, NULL),
(122, 'PEDAGOGIA Y CIENCIAS DE LA EDUCACION', 13, NULL),
(123, 'ADMINISTRACION DE EMPRESAS', 14, NULL),
(124, 'ADMINISTRACION DE EMPRESAS AGROPECUARIAS', 14, NULL),
(125, 'COMERCIO INTERNACIONAL', 14, NULL),
(126, 'COMERCIO INTERNACIONAL CON ORIENTACION EN AGROINDUSTRIA.', 14, NULL),
(127, 'ECONOMIA', 14, NULL),
(128, 'EDUCACION FISICA', 14, NULL),
(129, 'ENFERMERIA', 14, NULL),
(130, 'INFORMATICA ADMINISTRATIVA', 14, NULL),
(131, 'INGENIERIA AGROINDUSTRIAL(94)', 14, NULL),
(132, 'INGENIERIA QUIMICA', 14, NULL),
(133, 'LENGUAS  EXTRANJERAS CON ORIENTACIÓN EN LA ENSEÑANZA DEL INGLÉS O FRANCÉS', 14, NULL),
(134, 'MATEMATICA', 14, NULL),
(135, 'MERCADOTECNIA', 14, NULL),
(136, 'MICROBIOLOGIA', 14, NULL),
(137, 'NUTRICION', 14, NULL),
(138, 'ODONTOLOGIA', 14, NULL),
(139, 'PEDAGOGIA Y CIENCIAS DE LA EDUCACION', 14, NULL),
(140, 'QUIMICA INDUSTRIAL', 14, NULL),
(141, 'QUIMICA Y FARMACIA', 14, NULL),
(142, 'SOCIOLOGIA', 14, NULL),
(143, 'ADMINISTRACION DE EMPRESAS', 15, NULL),
(144, 'BANCA Y FINANZAS', 15, NULL),
(145, 'BIOLOGIA', 15, NULL),
(146, 'CARRERA TECNICA CORTA EN RADIOTECNOLOGIAS', 15, NULL),
(147, 'COMERCIO INTERNACIONAL', 15, NULL),
(148, 'COMERCIO INTERNACIONAL CON ORIENTACION EN AGROINDUSTRIA.', 15, NULL),
(149, 'CONTADURIA PUBLICA Y FINANZAS', 15, NULL),
(150, 'DERECHO', 15, NULL),
(151, 'DESARROLLO LOCAL', 15, NULL),
(152, 'ECONOMIA', 15, NULL),
(153, 'FISICA', 15, NULL),
(154, 'INFORMATICA ADMINISTRATIVA', 15, NULL),
(155, 'INGENIERIA AGROINDUSTRIAL(94)', 15, NULL),
(156, 'INGENIERIA ELECTRICA INDUSTRIAL', 15, NULL),
(157, 'INGENIERIA EN SISTEMAS', 15, NULL),
(158, 'INGENIERIA INDUSTRIAL', 15, NULL),
(159, 'INGENIERIA MECANICA INDUSTRIAL', 15, NULL),
(160, 'INGENIERIA QUIMICA', 15, NULL),
(161, 'LENGUAS  EXTRANJERAS CON ORIENTACIÓN EN LA ENSEÑANZA DEL INGLÉS O FRANCÉS', 15, NULL),
(162, 'MATEMATICA', 15, NULL),
(163, 'MEDICINA', 15, NULL),
(164, 'MICROBIOLOGIA', 15, NULL),
(165, 'NUTRICION', 15, NULL),
(166, 'PEDAGOGIA Y CIENCIAS DE LA EDUCACION', 15, NULL),
(167, 'PSICOLOGIA', 15, NULL),
(168, 'QUIMICA Y FARMACIA', 15, NULL),
(169, 'QUIMICA INDUSTRIAL', 15, NULL),
(170, 'TECNICO EN PROD. AGRICOLA', 15, NULL),
(171, 'TECNICO UNIVERSITARIO ADMINISTRACION DE EMPRESAS CAFETALERAS', 15, NULL),
(172, 'TERAPIA FUNCIONAL', 15, NULL),
(173, 'ADMINISTRACION ADUANERA', 16, NULL),
(174, 'CARRERA TECNICA CORTA EN RADIOTECNOLOGIAS', 16, NULL),
(175, 'COMERCIO INTERNACIONAL', 16, NULL),
(176, 'DERECHO', 16, NULL),
(177, 'DESARROLLO LOCAL', 16, NULL),
(178, 'ECONOMIA', 16, NULL),
(179, 'ECONOMIA AGRICOLA', 16, NULL),
(180, 'ENFERMERIA', 16, NULL),
(181, 'FILOSOFIA', 16, NULL),
(182, 'INFORMATICA ADMINISTRATIVA', 16, NULL),
(183, 'INGENIERIA AGROINDUSTRIAL(94)', 16, NULL),
(184, 'INGENIERIA ELECTRICA INDUSTRIAL', 16, NULL),
(185, 'INGENIERIA EN SISTEMAS', 16, NULL),
(186, 'INGENIERIA INDUSTRIAL', 16, NULL),
(187, 'INGENIERIA QUIMICA', 16, NULL),
(188, 'LENGUAS  EXTRANJERAS CON ORIENTACIÓN EN LA ENSEÑANZA DEL INGLÉS O FRANCÉS', 16, NULL),
(189, 'LICENCIATURA ECOTURISMO', 16, NULL),
(190, 'MEDICINA', 16, NULL),
(191, 'MUSICA', 16, NULL),
(192, 'NUTRICION', 16, NULL),
(193, 'ODONTOLOGIA', 16, NULL),
(194, 'QUIMICA Y FARMACIA', 16, NULL),
(195, 'TECN.UNIVERSITARIO EN ALIMENTOS Y BEBIDAS', 16, NULL),
(196, 'TECNICO EN MICROFINANZAS', 16, NULL),
(197, 'ADMINISTRACION DE EMPRESAS', 17, NULL),
(198, 'ECONOMIA', 17, NULL),
(199, 'ENFERMERIA', 17, NULL),
(200, 'FILOSOFIA', 17, NULL),
(201, 'INFORMATICA ADMINISTRATIVA', 17, NULL),
(202, 'INGENIERIA AGROINDUSTRIAL(94)', 17, NULL),
(203, 'INGENIERIA ELECTRICA INDUSTRIAL', 17, NULL),
(204, 'INGENIERIA INDUSTRIAL', 17, NULL),
(205, 'INGENIERIA QUIMICA', 17, NULL),
(206, 'LENGUAS  EXTRANJERAS CON ORIENTACIÓN EN LA ENSEÑANZA DEL INGLÉS O FRANCÉS', 17, NULL),
(207, 'MATEMATICA', 17, NULL),
(208, 'MEDICINA', 17, NULL),
(209, 'MERCADOTECNIA', 17, NULL),
(210, 'NUTRICION', 17, NULL),
(211, 'ODONTOLOGIA', 17, NULL),
(212, 'PSICOLOGIA', 17, NULL),
(213, 'TECNICO EN METALURGIA', 17, NULL),
(214, 'TECNICO UNIVERSITARIO ADMINISTRACION DE EMPRESAS CAFETALERAS', 17, NULL),
(215, 'ADMINISTRACION ADUANERA', 18, NULL),
(216, 'ADMINISTRACION DE EMPRESAS', 18, NULL),
(217, 'BIOLOGIA', 18, NULL),
(218, 'CONTADURIA PUBLICA Y FINANZAS', 18, NULL),
(219, 'DERECHO', 18, NULL),
(220, 'ECONOMIA', 18, NULL),
(221, 'ENFERMERIA', 18, NULL),
(222, 'FISICA', 18, NULL),
(223, 'INFORMATICA ADMINISTRATIVA', 18, NULL),
(224, 'INGENIERIA AGROINDUSTRIAL(94)', 18, NULL),
(225, 'INGENIERIA CIVIL', 18, NULL),
(226, 'INGENIERIA ELECTRICA INDUSTRIAL', 18, NULL),
(227, 'INGENIERIA EN SISTEMAS', 18, NULL),
(228, 'INGENIERIA INDUSTRIAL', 18, NULL),
(229, 'INGENIERIA MECANICA INDUSTRIAL', 18, NULL),
(230, 'INGENIERIA QUIMICA', 18, NULL),
(231, 'LENGUAS EXTRANJERAS CON ORIENTACIÓN EN LA ENSEÑANZA DEL INGLÉS O FRANCÉS', 18, NULL),
(232, 'LETRAS', 18, NULL),
(233, 'MATEMATICA', 18, NULL),
(234, 'MEDICINA', 18, NULL),
(235, 'MERCADOTECNIA', 18, NULL),
(236, 'MICROBIOLOGIA', 18, NULL),
(237, 'NUTRICION', 18, NULL),
(238, 'ODONTOLOGIA', 18, NULL),
(239, 'PEDAGOGIA Y CIENCIAS DE LA EDUCACION', 18, NULL),
(240, 'PERIODISMO', 18, NULL),
(241, 'PSICOLOGIA', 18, NULL),
(242, 'QUIMICA INDUSTRIAL', 18, NULL),
(243, 'TECNICO EN METALURGIA', 18, NULL),
(244, 'SOCIOLOGIA', 18, NULL),
(245, 'TRABAJO SOCIAL', 18, NULL),
(246, 'ADMINISTRACION DE EMPRESAS AGROPECUARIAS', 19, NULL),
(247, 'PEDAGOGIA Y CIENCIAS DE LA EDUCACION', 19, NULL),
(248, 'ADMINISTRACION DE EMPRESAS AGROPECUARIAS', 20, NULL),
(249, 'PEDAGOGIA Y CIENCIAS DE LA EDUCACION', 20, NULL),
(250, 'ADMINISTRACION DE EMPRESAS AGROPECUARIAS', 21, NULL),
(251, 'PEDAGOGIA Y CIENCIAS DE LA EDUCACION', 21, NULL),
(252, 'ADMINISTRACION DE EMPRESAS AGROPECUARIAS', 22, NULL),
(253, 'PEDAGOGIA Y CIENCIAS DE LA EDUCACION', 22, NULL),
(254, 'ADMINISTRACION DE EMPRESAS AGROPECUARIAS', 23, NULL),
(255, 'PEDAGOGIA Y CIENCIAS DE LA EDUCACION', 23, NULL),
(256, 'ADMINISTRACION DE EMPRESAS AGROPECUARIAS', 24, NULL),
(257, 'PEDAGOGIA Y CIENCIAS DE LA EDUCACION', 24, NULL),
(258, 'ADMINISTRACION DE EMPRESAS AGROPECUARIAS', 25, NULL),
(259, 'PEDAGOGIA Y CIENCIAS DE LA EDUCACION', 25, NULL),
(260, 'ADMINISTRACION DE EMPRESAS AGROPECUARIAS', 26, NULL),
(261, 'PEDAGOGIA Y CIENCIAS DE LA EDUCACION', 26, NULL),
(262, 'DESARROLLO LOCAL', 27, NULL),
(263, 'TECN.UNIVERSITARIO EN ALIMENTOS Y BEBIDAS', 27, NULL),
(264, 'TECNICO EN MICROFINANZAS', 27, NULL),
(265, 'TECNICO UNIVERSITARIO EN EDUCACION SOCIAL', 27, NULL),
(266, 'PEDAGOGIA Y CIENCIAS DE LA EDUCACION', 28, NULL),
(267, 'PEDAGOGIA Y CIENCIAS DE LA EDUCACION', 29, NULL),
(268, 'TECNICO EN MICROFINANZAS', 29, NULL),
(269, 'PEDAGOGIA Y CIENCIAS DE LA EDUCACION', 30, NULL),
(270, 'PEDAGOGIA Y CIENCIAS DE LA EDUCACION', 31, NULL),
(271, 'TECNICO EN MICROFINANZAS', 31, NULL),
(272, 'TECNICO EN MICROFINANZAS', 32, NULL),
(273, 'DERECHO', 34, NULL),
(274, 'GERENCIA DE NEGOCIOS', 34, NULL),
(275, 'GERENCIA EN TURISMO', 34, NULL),
(276, 'DERECHO', 35, NULL),
(277, 'GERENCIA DE NEGOCIOS', 35, NULL),
(278, 'GERENCIA EN TURISMO', 35, NULL),
(279, 'DERECHO', 36, NULL),
(280, 'GERENCIA DE NEGOCIOS', 36, NULL),
(281, 'GERENCIA EN TURISMO', 36, NULL),
(282, 'DERECHO', 37, NULL),
(283, 'GERENCIA DE NEGOCIOS', 37, NULL),
(284, 'GERENCIA EN TURISMO', 37, NULL),
(285, 'DERECHO', 38, NULL),
(286, 'GERENCIA DE NEGOCIOS', 38, NULL),
(287, 'GERENCIA EN TURISMO', 38, NULL),
(288, 'DERECHO', 39, NULL),
(289, 'GERENCIA DE NEGOCIOS', 39, NULL),
(290, 'GERENCIA EN TURISMO', 39, NULL),
(291, 'DERECHO', 40, NULL),
(292, 'GERENCIA DE NEGOCIOS', 40, NULL),
(293, 'GERENCIA EN TURISMO', 40, NULL),
(294, 'INGENIERIA ELECTRONICA', 41, NULL),
(295, 'INGENIERIA DE LA PRODUCCION INDUSTRIAL', 41, NULL),
(296, 'INGENIERIA EN SISTEMAS COMPUTACIONALES', 41, NULL),
(297, 'INGENIERIA ELECTRONICA', 42, NULL),
(298, 'INGENIERIA DE LA PRODUCCION INDUSTRIAL', 42, NULL),
(299, 'INGENIERIA EN SISTEMAS COMPUTACIONALES', 42, NULL),
(300, 'INGENIERIA ELECTRONICA', 43, NULL),
(301, 'INGENIERIA DE LA PRODUCCION INDUSTRIAL', 43, NULL),
(302, 'INGENIERIA EN SISTEMAS COMPUTACIONALES', 43, NULL),
(303, 'INGENIERIA ELECTRONICA', 44, NULL),
(304, 'INGENIERIA DE LA PRODUCCION INDUSTRIAL', 44, NULL),
(305, 'INGENIERIA EN SISTEMAS COMPUTACIONALES', 44, NULL),
(306, 'INGENIERIA ELECTRONICA', 45, NULL),
(307, 'INGENIERIA DE LA PRODUCCION INDUSTRIAL', 45, NULL),
(308, 'INGENIERIA EN SISTEMAS COMPUTACIONALES', 45, NULL),
(309, 'INGENIERIA ELECTRONICA', 46, NULL),
(310, 'INGENIERIA DE LA PRODUCCION INDUSTRIAL', 46, NULL),
(311, 'INGENIERIA EN SISTEMAS COMPUTACIONALES', 46, NULL),
(312, 'INGENIERIA ELECTRONICA', 47, NULL),
(313, 'INGENIERIA DE LA PRODUCCION INDUSTRIAL', 47, NULL),
(314, 'INGENIERIA EN SISTEMAS COMPUTACIONALES', 47, NULL),
(315, 'MAESTRIA EN RECURSOS HUMANOS Y GESTION EMPRESARIAL', 48, NULL),
(316, 'INGENIERIA EN SISTEMAS', 53, NULL),
(317, 'ADMINISTACIÓN DE EMPRESAS', 54, NULL),
(318, 'DERECHO', 54, NULL),
(319, 'GESTIÓN PORTUARIA Y TRANSPORTE MARÍTIMO', 54, NULL),
(320, 'MERCADOTECNIA', 54, NULL),
(321, 'NUTRICIÓN', 54, NULL),
(322, 'PSICOLOGÍA', 54, NULL),
(323, 'SALUD COMUNITARIA', 54, NULL),
(324, 'TEOLOGÍA', 54, NULL),
(325, 'MAESTRÍA EN GERENCIA EMPRESARIAL', 55, NULL),
(326, 'LABORATORIO CLÍNICO', 56, NULL),
(327, 'TÉCNICO EN PRODUCCIÓN AVÍCOLA', 56, NULL),
(328, 'TÉCNICO PRODUCCIÓN EN TELEVISIÓN', 56, NULL),
(329, 'INGENIERIA EN SISTEMAS', 57, NULL),
(330, 'ADMINISTACIÓN DE EMPRESAS', 58, NULL),
(331, 'DERECHO', 58, NULL),
(332, 'GESTIÓN PORTUARIA Y TRANSPORTE MARÍTIMO', 58, NULL),
(333, 'MERCADOTECNIA', 58, NULL),
(334, 'NUTRICIÓN', 58, NULL),
(335, 'PSICOLOGÍA', 58, NULL),
(336, 'SALUD COMUNITARIA', 58, NULL),
(337, 'TEOLOGÍA', 58, NULL),
(338, 'INGENIERIA EN SISTEMAS', 62, NULL),
(339, 'ADMINISTACIÓN DE EMPRESAS', 63, NULL),
(340, 'DERECHO', 63, NULL),
(341, 'GESTIÓN PORTUARIA Y TRANSPORTE MARÍTIMO', 63, NULL),
(342, 'MERCADOTECNIA', 63, NULL),
(343, 'NUTRICIÓN', 63, NULL),
(344, 'PSICOLOGÍA', 63, NULL),
(345, 'SALUD COMUNITARIA', 63, NULL),
(346, 'TEOLOGÍA', 63, NULL),
(347, 'LABORATORIO CLÍNICO', 64, NULL),
(348, 'TÉCNICO EN PRODUCCIÓN AVÍCOLA', 64, NULL),
(349, 'TÉCNICO PRODUCCIÓN EN TELEVISIÓN', 64, NULL),
(350, 'INGENIERIA EN SISTEMAS', 65, NULL),
(351, 'ADMINISTACIÓN DE EMPRESAS', 66, NULL),
(352, 'DERECHO', 66, NULL),
(353, 'GESTIÓN PORTUARIA Y TRANSPORTE MARÍTIMO', 66, NULL),
(354, 'MERCADOTECNIA', 66, NULL),
(355, 'NUTRICIÓN', 66, NULL),
(356, 'PSICOLOGÍA', 66, NULL),
(357, 'SALUD COMUNITARIA', 66, NULL),
(358, 'TEOLOGÍA', 66, NULL),
(359, 'INGENIERIA EN SISTEMAS', 67, NULL),
(360, 'ADMINISTACIÓN DE EMPRESAS', 68, NULL),
(361, 'DERECHO', 68, NULL),
(362, 'GESTIÓN PORTUARIA Y TRANSPORTE MARÍTIMO', 68, NULL),
(363, 'MERCADOTECNIA', 68, NULL),
(364, 'NUTRICIÓN', 68, NULL),
(365, 'PSICOLOGÍA', 68, NULL),
(366, 'SALUD COMUNITARIA', 68, NULL),
(367, 'TEOLOGÍA', 68, NULL),
(368, 'MAESTRÍA EN GERENCIA EMPRESARIAL', 69, NULL),
(369, 'LABORATORIO CLÍNICO', 70, NULL),
(370, 'TÉCNICO EN PRODUCCIÓN AVÍCOLA', 70, NULL),
(371, 'TÉCNICO PRODUCCIÓN EN TELEVISIÓN', 70, NULL),
(372, 'INGENIERIA EN SISTEMAS', 73, NULL),
(373, 'ADMINISTACIÓN DE EMPRESAS', 74, NULL),
(374, 'DERECHO', 74, NULL),
(375, 'GESTIÓN PORTUARIA Y TRANSPORTE MARÍTIMO', 74, NULL),
(376, 'MERCADOTECNIA', 74, NULL),
(377, 'NUTRICIÓN', 74, NULL),
(378, 'PSICOLOGÍA', 74, NULL),
(379, 'SALUD COMUNITARIA', 74, NULL),
(380, 'TEOLOGÍA', 74, NULL),
(381, 'INGENIERIA EN SISTEMAS', 75, NULL),
(382, 'ADMINISTACIÓN DE EMPRESAS', 76, NULL),
(383, 'DERECHO', 76, NULL),
(384, 'GESTIÓN PORTUARIA Y TRANSPORTE MARÍTIMO', 76, NULL),
(385, 'MERCADOTECNIA', 76, NULL),
(386, 'NUTRICIÓN', 76, NULL),
(387, 'PSICOLOGÍA', 76, NULL),
(388, 'SALUD COMUNITARIA', 76, NULL),
(389, 'TEOLOGÍA', 76, NULL),
(390, 'INGENIERIA EN SISTEMAS', 77, NULL),
(391, 'ADMINISTACIÓN DE EMPRESAS', 78, NULL),
(392, 'DERECHO', 78, NULL),
(393, 'GESTIÓN PORTUARIA Y TRANSPORTE MARÍTIMO', 78, NULL),
(394, 'MERCADOTECNIA', 78, NULL),
(395, 'NUTRICIÓN', 78, NULL),
(396, 'PSICOLOGÍA', 78, NULL),
(397, 'SALUD COMUNITARIA', 78, NULL),
(398, 'TEOLOGÍA', 78, NULL),
(399, 'INGENIERIA EN SISTEMAS', 79, NULL),
(400, 'ADMINISTACIÓN DE EMPRESAS', 80, NULL),
(401, 'DERECHO', 80, NULL),
(402, 'GESTIÓN PORTUARIA Y TRANSPORTE MARÍTIMO', 80, NULL),
(403, 'MERCADOTECNIA', 80, NULL),
(404, 'NUTRICIÓN', 80, NULL),
(405, 'PSICOLOGÍA', 80, NULL),
(406, 'SALUD COMUNITARIA', 80, NULL),
(407, 'TEOLOGÍA', 80, NULL),
(408, 'INGENIERIA EN SISTEMAS', 81, NULL),
(409, 'ADMINISTACIÓN DE EMPRESAS', 82, NULL),
(410, 'DERECHO', 82, NULL),
(411, 'GESTIÓN PORTUARIA Y TRANSPORTE MARÍTIMO', 82, NULL),
(412, 'MERCADOTECNIA', 82, NULL),
(413, 'NUTRICIÓN', 82, NULL),
(414, 'PSICOLOGÍA', 82, NULL),
(415, 'SALUD COMUNITARIA', 82, NULL),
(416, 'TEOLOGÍA', 82, NULL),
(417, 'LABORATORIO CLÍNICO', 83, NULL),
(418, 'TÉCNICO EN PRODUCCIÓN AVÍCOLA', 83, NULL),
(419, 'TÉCNICO PRODUCCIÓN EN TELEVISIÓN', 83, NULL),
(420, 'INGENIERIA EN SISTEMAS', 84, NULL),
(421, 'ADMINISTACIÓN DE EMPRESAS', 85, NULL),
(422, 'DERECHO', 85, NULL),
(423, 'GESTIÓN PORTUARIA Y TRANSPORTE MARÍTIMO', 85, NULL),
(424, 'MERCADOTECNIA', 85, NULL),
(425, 'NUTRICIÓN', 85, NULL),
(426, 'PSICOLOGÍA', 85, NULL),
(427, 'SALUD COMUNITARIA', 85, NULL),
(428, 'TEOLOGÍA', 85, NULL),
(429, 'INGENIERIA EN SISTEMAS', 86, NULL),
(430, 'ADMINISTACIÓN DE EMPRESAS', 87, NULL),
(431, 'DERECHO', 87, NULL),
(432, 'GESTIÓN PORTUARIA Y TRANSPORTE MARÍTIMO', 87, NULL),
(433, 'MERCADOTECNIA', 87, NULL),
(434, 'NUTRICIÓN', 87, NULL),
(435, 'PSICOLOGÍA', 87, NULL),
(436, 'SALUD COMUNITARIA', 87, NULL),
(437, 'TEOLOGÍA', 87, NULL),
(438, 'INGENIERIA EN SISTEMAS', 88, NULL),
(439, 'ADMINISTACIÓN DE EMPRESAS', 89, NULL),
(440, 'DERECHO', 89, NULL),
(441, 'GESTIÓN PORTUARIA Y TRANSPORTE MARÍTIMO', 89, NULL),
(442, 'MERCADOTECNIA', 89, NULL),
(443, 'NUTRICIÓN', 89, NULL),
(444, 'PSICOLOGÍA', 89, NULL),
(445, 'SALUD COMUNITARIA', 89, NULL),
(446, 'TEOLOGÍA', 89, NULL),
(447, 'INGENIERIA EN SISTEMAS', 90, NULL),
(448, 'ADMINISTACIÓN DE EMPRESAS', 91, NULL),
(449, 'DERECHO', 91, NULL),
(450, 'GESTIÓN PORTUARIA Y TRANSPORTE MARÍTIMO', 91, NULL),
(451, 'MERCADOTECNIA', 91, NULL),
(452, 'NUTRICIÓN', 91, NULL),
(453, 'PSICOLOGÍA', 91, NULL),
(454, 'SALUD COMUNITARIA', 91, NULL),
(455, 'TEOLOGÍA', 91, NULL),
(456, 'INGENIERIA EN SISTEMAS', 92, NULL),
(457, 'ADMINISTACIÓN DE EMPRESAS', 93, NULL),
(458, 'DERECHO', 93, NULL),
(459, 'GESTIÓN PORTUARIA Y TRANSPORTE MARÍTIMO', 93, NULL),
(460, 'MERCADOTECNIA', 93, NULL),
(461, 'NUTRICIÓN', 93, NULL),
(462, 'PSICOLOGÍA', 93, NULL),
(463, 'SALUD COMUNITARIA', 93, NULL),
(464, 'TEOLOGÍA', 93, NULL),
(465, 'LABORATORIO CLÍNICO', 94, NULL),
(466, 'TÉCNICO EN PRODUCCIÓN AVÍCOLA', 94, NULL),
(467, 'TÉCNICO PRODUCCIÓN EN TELEVISIÓN', 94, NULL),
(468, 'INGENIERIA EN SISTEMAS', 95, NULL),
(469, 'ADMINISTACIÓN DE EMPRESAS', 96, NULL),
(470, 'DERECHO', 96, NULL),
(471, 'GESTIÓN PORTUARIA Y TRANSPORTE MARÍTIMO', 96, NULL),
(472, 'MERCADOTECNIA', 96, NULL),
(473, 'NUTRICIÓN', 96, NULL),
(474, 'PSICOLOGÍA', 96, NULL),
(475, 'SALUD COMUNITARIA', 96, NULL),
(476, 'TEOLOGÍA', 96, NULL),
(477, 'INGENIERIA EN SISTEMAS', 97, NULL),
(478, 'ADMINISTACIÓN DE EMPRESAS', 98, NULL),
(479, 'DERECHO', 98, NULL),
(480, 'GESTIÓN PORTUARIA Y TRANSPORTE MARÍTIMO', 98, NULL),
(481, 'MERCADOTECNIA', 98, NULL),
(482, 'NUTRICIÓN', 98, NULL),
(483, 'PSICOLOGÍA', 98, NULL),
(484, 'SALUD COMUNITARIA', 98, NULL),
(485, 'TEOLOGÍA', 98, NULL),
(486, 'INGENIERIA EN SISTEMAS', 99, NULL),
(487, 'ADMINISTACIÓN DE EMPRESAS', 100, NULL),
(488, 'DERECHO', 100, NULL),
(489, 'GESTIÓN PORTUARIA Y TRANSPORTE MARÍTIMO', 100, NULL),
(490, 'MERCADOTECNIA', 100, NULL),
(491, 'NUTRICIÓN', 100, NULL),
(492, 'PSICOLOGÍA', 100, NULL),
(493, 'SALUD COMUNITARIA', 100, NULL),
(494, 'TEOLOGÍA', 100, NULL),
(495, 'LABORATORIO CLÍNICO', 101, NULL),
(496, 'TÉCNICO EN PRODUCCIÓN AVÍCOLA', 101, NULL),
(497, 'TÉCNICO PRODUCCIÓN EN TELEVISIÓN', 101, NULL),
(498, 'INGENIERIA EN SISTEMAS', 102, NULL),
(499, 'ADMINISTACIÓN DE EMPRESAS', 103, NULL),
(500, 'DERECHO', 103, NULL),
(501, 'GESTIÓN PORTUARIA Y TRANSPORTE MARÍTIMO', 103, NULL),
(502, 'MERCADOTECNIA', 103, NULL),
(503, 'NUTRICIÓN', 103, NULL),
(504, 'PSICOLOGÍA', 103, NULL),
(505, 'SALUD COMUNITARIA', 103, NULL),
(506, 'TEOLOGÍA', 103, NULL),
(507, 'INGENIERIA EN SISTEMAS', 107, NULL),
(508, 'ADMINISTACIÓN DE EMPRESAS', 108, NULL),
(509, 'DERECHO', 108, NULL),
(510, 'GESTIÓN PORTUARIA Y TRANSPORTE MARÍTIMO', 108, NULL),
(511, 'MERCADOTECNIA', 108, NULL),
(512, 'NUTRICIÓN', 108, NULL),
(513, 'PSICOLOGÍA', 108, NULL),
(514, 'SALUD COMUNITARIA', 108, NULL),
(515, 'TEOLOGÍA', 108, NULL),
(516, 'MAESTRÍA EN GERENCIA EMPRESARIAL', 109, NULL),
(517, 'LABORATORIO CLÍNICO', 110, NULL),
(518, 'TÉCNICO EN PRODUCCIÓN AVÍCOLA', 110, NULL),
(519, 'TÉCNICO PRODUCCIÓN EN TELEVISIÓN', 110, NULL),
(520, 'INGENIERIA EN SISTEMAS', 111, NULL),
(521, 'ADMINISTACIÓN DE EMPRESAS', 112, NULL),
(522, 'DERECHO', 112, NULL),
(523, 'GESTIÓN PORTUARIA Y TRANSPORTE MARÍTIMO', 112, NULL),
(524, 'MERCADOTECNIA', 112, NULL),
(525, 'NUTRICIÓN', 112, NULL),
(526, 'PSICOLOGÍA', 112, NULL),
(527, 'SALUD COMUNITARIA', 112, NULL),
(528, 'TEOLOGÍA', 112, NULL),
(529, 'INGENIERIA EN SISTEMAS', 113, NULL),
(530, 'ADMINISTACIÓN DE EMPRESAS', 114, NULL),
(531, 'DERECHO', 114, NULL),
(532, 'GESTIÓN PORTUARIA Y TRANSPORTE MARÍTIMO', 114, NULL),
(533, 'MERCADOTECNIA', 114, NULL),
(534, 'NUTRICIÓN', 114, NULL),
(535, 'PSICOLOGÍA', 114, NULL),
(536, 'SALUD COMUNITARIA', 114, NULL),
(537, 'TEOLOGÍA', 114, NULL),
(538, 'LABORATORIO CLÍNICO', 115, NULL),
(539, 'TÉCNICO EN PRODUCCIÓN AVÍCOLA', 115, NULL),
(540, 'TÉCNICO PRODUCCIÓN EN TELEVISIÓN', 115, NULL),
(541, 'ADMINISTACIÓN DE EMPRESAS', 116, NULL),
(542, 'DERECHO', 116, NULL),
(543, 'GESTIÓN PORTUARIA Y TRANSPORTE MARÍTIMO', 116, NULL),
(544, 'MERCADOTECNIA', 116, NULL),
(545, 'NUTRICIÓN', 116, NULL),
(546, 'PSICOLOGÍA', 116, NULL),
(547, 'SALUD COMUNITARIA', 116, NULL),
(548, 'TEOLOGÍA', 116, NULL),
(549, 'ADMINISTRACIÓN DE EMPRESAS', 117, NULL),
(550, 'ADMINISTRACIÓN DE EMPRESAS TURÍSTICAS', 117, NULL),
(551, 'AUDITORIA Y FINANZAS', 117, NULL),
(552, 'DISEÑO DE INTERIORES\r\n', 117, NULL),
(553, 'DERECHO', 117, NULL),
(554, 'DISEÑO GRÁFICO Y COMUNICACIÓN CORPORATIVA ', 117, NULL),
(555, 'INGENIERÍA MERCADOTECNIA Y NEGOCIAS INTERNACIONALES', 117, NULL),
(556, 'PSICOLOGÍA', 117, NULL),
(557, 'PERIODISMO', 117, NULL),
(558, 'ARQUITECTURA ', 118, NULL),
(559, 'INGENIERÍA AGRÍCOLA', 118, NULL),
(560, 'INGENIERÍA CIVIL', 118, NULL),
(561, 'INGENIERÍA DE LA CONSTRUCCIÓN ', 118, NULL),
(562, 'INGENIERÍA FORESTAL', 118, NULL),
(563, 'INGENIERÍA INDUSTRIAL', 118, NULL),
(564, 'INGENIERÍA INFOTECNOLOGÍA', 118, NULL),
(565, 'TÉCNICO UNIVERSITARIO DE ADMINISTRACIÓN DE EMPRESAS', 119, NULL),
(566, 'TÉCNICO UNIVERSITARIO EN TURISMO', 119, NULL),
(567, 'TÉCNICO EN INGENIERÍA DE LA CONSTRUCCIÓN ', 119, NULL),
(568, 'TÉCNICO EN DISEÑO DE INTERIORES', 119, NULL),
(569, 'DERECHO DEL TRABAJO Y PROTECCIÓN SOCIAL', 120, NULL),
(570, 'ALTA GERENCIA DE PROYECTOS', 120, NULL),
(571, 'DISEÑO Y PLANIFICACIÓN URBANA', 120, NULL),
(572, 'ADMINISTRACIÓN DE EMPRESAS', 121, NULL),
(573, 'ADMINISTRACIÓN DE EMPRESAS TURÍSTICAS', 121, NULL),
(574, 'AUDITORIA Y FINANZAS', 121, NULL),
(575, 'DISEÑO DE INTERIORES\r\n', 121, NULL),
(576, 'DERECHO', 121, NULL),
(577, 'DISEÑO GRÁFICO Y COMUNICACIÓN CORPORATIVA ', 121, NULL),
(578, 'INGENIERÍA MERCADOTECNIA Y NEGOCIAS INTERNACIONALES', 121, NULL),
(579, 'PSICOLOGÍA', 121, NULL),
(580, 'PERIODISMO', 121, NULL),
(581, 'ARQUITECTURA ', 122, NULL),
(582, 'INGENIERÍA AGRÍCOLA', 122, NULL),
(583, 'INGENIERÍA CIVIL', 122, NULL),
(584, 'INGENIERÍA DE LA CONSTRUCCIÓN ', 122, NULL),
(585, 'INGENIERÍA FORESTAL', 122, NULL),
(586, 'INGENIERÍA INDUSTRIAL', 122, NULL),
(587, 'INGENIERÍA INFOTECNOLOGÍA', 122, NULL),
(588, 'TÉCNICO UNIVERSITARIO DE ADMINISTRACIÓN DE EMPRESAS', 123, NULL),
(589, 'TÉCNICO UNIVERSITARIO EN TURISMO', 123, NULL),
(590, 'TÉCNICO EN INGENIERÍA DE LA CONSTRUCCIÓN ', 123, NULL),
(591, 'TÉCNICO EN DISEÑO DE INTERIORES', 123, NULL),
(592, 'DERECHO DEL TRABAJO Y PROTECCIÓN SOCIAL', 124, NULL),
(593, 'ALTA GERENCIA DE PROYECTOS', 124, NULL),
(594, 'DISEÑO Y PLANIFICACIÓN URBANA', 124, NULL),
(1245, 'ADMINISTRACIÓN DE LA HOSPITALIDAD Y EL TURISMO', 137, NULL),
(1246, 'ADMINISTRACIÓN INDUSTRIAL Y DE NEGOCIOS', 137, NULL),
(1247, 'ADMINISTRACIÓN DE EMPRESAS', 137, NULL),
(1248, 'ANIMACIÓN DIGITAL Y DISEÑO INTERACTIVO', 137, NULL),
(1249, 'COMUNICACIÓN AUDIOVISUAL Y PUBLICITARIA', 137, NULL),
(1250, 'DERECHO', 137, NULL),
(1251, 'DISEÑO DE MODAS', 137, NULL),
(1252, 'DISEÑO GRÁFICO', 137, NULL),
(1253, 'ECONOMÍA', 137, NULL),
(1254, 'FINANZAS', 137, NULL),
(1255, 'CONTADURÍA PÚBLICA Y FINANZAS', 137, NULL),
(1256, 'GASTRONOMÍA', 137, NULL),
(1257, 'MERCADOTECNIA Y NEGOCIOS INTERNACIONALES', 137, NULL),
(1258, 'MERCADOTECNIA', 137, NULL),
(1259, 'PERIODISMO', 137, NULL),
(1260, 'PSICOLOGÍA', 137, NULL),
(1261, 'RECURSOS HUMANOS', 137, NULL),
(1262, 'RELACIONES INTERNACIONALES', 137, NULL),
(1263, 'ARQUITECTURA', 138, NULL),
(1264, 'BIOMÉDICA', 138, NULL),
(1265, 'CIVIL', 138, NULL),
(1266, 'ELECTRÓNICA', 138, NULL),
(1267, 'ENERGÍA', 138, NULL),
(1268, 'GESTIÓN LOGÍSTICA', 138, NULL),
(1269, 'INDUSTRIAL Y DE SISTEMAS', 138, NULL),
(1270, 'INFORMÁTICA', 138, NULL),
(1271, 'MECATRÓNICA', 138, NULL),
(1272, 'SISTEMAS COMPUTACIONALES', 138, NULL),
(1273, 'TELECOMUNICACIONES', 138, NULL),
(1274, 'MEDICINA Y CIRUGÍA', 139, NULL),
(1275, 'NUTRICIÓN', 139, NULL),
(1276, 'TERAPIA FÍSICA Y OCUPACIONAL', 139, NULL),
(1277, 'ODONTOLOGÍA', 139, NULL),
(1278, 'ADMINISTRACIÓN DE PROYECTOS', 140, NULL),
(1279, 'CONTADURÍA PÚBLICA', 140, NULL),
(1280, 'DERECHO EMPRESARIAL', 140, NULL),
(1281, 'DESARROLLA LOCAL Y TURISMO', 140, NULL),
(1282, 'DIRECCIÓN DE LA COMUNICACIÓN CORPORATIVA', 140, NULL),
(1283, 'DIRECCIÓN DE RECURSOS HUMANOS', 140, NULL),
(1284, 'DIRECCIÓN EMPRESARIAL', 140, NULL),
(1285, 'FINANZAS', 140, NULL),
(1286, 'GESTIÓN DE ENERGÍAS RENOVABLES', 140, NULL),
(1287, 'GESTIÓN DE OPERACIONES Y LOGÍSTICA', 140, NULL),
(1288, 'GESTIÓN DE SERVICIOS DE SALUD', 140, NULL),
(1289, 'GESTIÓN DE TECNOLOGÍAS DE INFORMACIÓN', 140, NULL),
(1290, 'INGENIERÍA DE ESTRUCTURAS', 140, NULL),
(1291, 'SISTEMAS DE GESTIÓN DE CALIDAD INTEGRADOS', 140, NULL),
(1292, 'ECONOMÍA Y EMPRESA', 141, NULL),
(1293, 'BILINGÜE EN CALL CENTER', 142, NULL),
(1294, 'ADMINISTRACIÓN', 142, NULL),
(1295, 'DESARROLLO DE SISTEMAS DE INFORMACIÓN', 142, NULL),
(1296, 'DIBUJO DE OBRAS CIVILES Y CONSTRUCCIÓN', 142, NULL),
(1297, 'DISEÑO GRÁFICO', 142, NULL),
(1298, 'DISEÑO Y DESARROLLO WEB', 142, NULL),
(1299, 'ENFERMERÍA AUXILIAR', 142, NULL),
(1300, 'MERCADOTECNIA Y VENTAS', 142, NULL),
(1301, 'INSTALACIONES DE REDES', 142, NULL),
(1302, 'ADMINISTRACIÓN DE LA HOSPITALIDAD Y EL TURISMO', 131, NULL),
(1303, 'ADMINISTRACIÓN INDUSTRIAL Y DE NEGOCIOS', 131, NULL),
(1304, 'ADMINISTRACIÓN DE EMPRESAS', 131, NULL),
(1305, 'ANIMACIÓN DIGITAL Y DISEÑO INTERACTIVO', 131, NULL),
(1306, 'COMUNICACIÓN AUDIOVISUAL Y PUBLICITARIA', 131, NULL),
(1307, 'DERECHO', 131, NULL),
(1308, 'DISEÑO DE MODAS', 131, NULL),
(1309, 'DISEÑO GRÁFICO', 131, NULL),
(1310, 'ECONOMÍA', 131, NULL),
(1311, 'FINANZAS', 131, NULL),
(1312, 'CONTADURÍA PÚBLICA Y FINANZAS', 131, NULL),
(1313, 'GASTRONOMÍA', 131, NULL),
(1314, 'MERCADOTECNIA Y NEGOCIOS INTERNACIONALES', 131, NULL),
(1315, 'MERCADOTECNIA', 131, NULL),
(1316, 'PERIODISMO', 131, NULL),
(1317, 'PSICOLOGÍA', 131, NULL),
(1318, 'RECURSOS HUMANOS', 131, NULL),
(1319, 'RELACIONES INTERNACIONALES', 131, NULL),
(1320, 'ARQUITECTURA', 132, NULL),
(1321, 'BIOMÉDICA', 132, NULL),
(1322, 'CIVIL', 132, NULL),
(1323, 'ELECTRÓNICA', 132, NULL),
(1324, 'ENERGÍA', 132, NULL),
(1325, 'GESTIÓN LOGÍSTICA', 132, NULL),
(1326, 'INDUSTRIAL Y DE SISTEMAS', 132, NULL),
(1327, 'INFORMÁTICA', 132, NULL),
(1328, 'MECATRÓNICA', 132, NULL),
(1329, 'SISTEMAS COMPUTACIONALES', 132, NULL),
(1330, 'TELECOMUNICACIONES', 132, NULL),
(1331, 'MEDICINA Y CIRUGÍA', 133, NULL),
(1332, 'NUTRICIÓN', 133, NULL),
(1333, 'TERAPIA FÍSICA Y OCUPACIONAL', 133, NULL),
(1334, 'ODONTOLOGÍA', 133, NULL),
(1335, 'ADMINISTRACIÓN DE PROYECTOS', 134, NULL),
(1336, 'CONTADURÍA PÚBLICA', 134, NULL),
(1337, 'DERECHO EMPRESARIAL', 134, NULL),
(1338, 'DESARROLLA LOCAL Y TURISMO', 134, NULL),
(1339, 'DIRECCIÓN DE LA COMUNICACIÓN CORPORATIVA', 134, NULL),
(1340, 'DIRECCIÓN DE RECURSOS HUMANOS', 134, NULL),
(1341, 'DIRECCIÓN EMPRESARIAL', 134, NULL),
(1342, 'FINANZAS', 134, NULL),
(1343, 'GESTIÓN DE ENERGÍAS RENOVABLES', 134, NULL),
(1344, 'GESTIÓN DE OPERACIONES Y LOGÍSTICA', 134, NULL),
(1345, 'GESTIÓN DE SERVICIOS DE SALUD', 134, NULL),
(1346, 'GESTIÓN DE TECNOLOGÍAS DE INFORMACIÓN', 134, NULL),
(1347, 'INGENIERÍA DE ESTRUCTURAS', 134, NULL),
(1348, 'SISTEMAS DE GESTIÓN DE CALIDAD INTEGRADOS', 134, NULL),
(1349, 'ECONOMÍA Y EMPRESA', 135, NULL),
(1350, 'BILINGÜE EN CALL CENTER', 136, NULL),
(1351, 'ADMINISTRACIÓN', 136, NULL),
(1352, 'DESARROLLO DE SISTEMAS DE INFORMACIÓN', 136, NULL),
(1353, 'DIBUJO DE OBRAS CIVILES Y CONSTRUCCIÓN', 136, NULL),
(1354, 'DISEÑO GRÁFICO', 136, NULL),
(1355, 'DISEÑO Y DESARROLLO WEB', 136, NULL),
(1356, 'ENFERMERÍA AUXILIAR', 136, NULL),
(1357, 'MERCADOTECNIA Y VENTAS', 136, NULL),
(1358, 'INSTALACIONES DE REDES', 136, NULL),
(1359, 'ADMINISTRACIÓN DE LA HOSPITALIDAD Y EL TURISMO', 143, NULL),
(1360, 'ADMINISTRACIÓN INDUSTRIAL Y DE NEGOCIOS', 143, NULL),
(1361, 'ADMINISTRACIÓN DE EMPRESAS', 143, NULL),
(1362, 'ANIMACIÓN DIGITAL Y DISEÑO INTERACTIVO', 143, NULL),
(1363, 'COMUNICACIÓN AUDIOVISUAL Y PUBLICITARIA', 143, NULL),
(1364, 'DERECHO', 143, NULL),
(1365, 'DISEÑO DE MODAS', 143, NULL),
(1366, 'DISEÑO GRÁFICO', 143, NULL),
(1367, 'ECONOMÍA', 143, NULL),
(1368, 'FINANZAS', 143, NULL),
(1369, 'CONTADURÍA PÚBLICA Y FINANZAS', 143, NULL),
(1370, 'GASTRONOMÍA', 143, NULL),
(1371, 'MERCADOTECNIA Y NEGOCIOS INTERNACIONALES', 143, NULL),
(1372, 'MERCADOTECNIA', 143, NULL),
(1373, 'PERIODISMO', 143, NULL),
(1374, 'PSICOLOGÍA', 143, NULL),
(1375, 'RECURSOS HUMANOS', 143, NULL),
(1376, 'RELACIONES INTERNACIONALES', 143, NULL),
(1377, 'ARQUITECTURA', 144, NULL),
(1378, 'BIOMÉDICA', 144, NULL),
(1379, 'CIVIL', 144, NULL),
(1380, 'ELECTRÓNICA', 144, NULL),
(1381, 'ENERGÍA', 144, NULL),
(1382, 'GESTIÓN LOGÍSTICA', 144, NULL),
(1383, 'INDUSTRIAL Y DE SISTEMAS', 144, NULL),
(1384, 'INFORMÁTICA', 144, NULL),
(1385, 'MECATRÓNICA', 144, NULL),
(1386, 'SISTEMAS COMPUTACIONALES', 144, NULL),
(1387, 'TELECOMUNICACIONES', 144, NULL),
(1388, 'MEDICINA Y CIRUGÍA', 145, NULL),
(1389, 'NUTRICIÓN', 145, NULL),
(1390, 'TERAPIA FÍSICA Y OCUPACIONAL', 145, NULL),
(1391, 'ODONTOLOGÍA', 145, NULL),
(1392, 'ADMINISTRACIÓN DE PROYECTOS', 146, NULL),
(1393, 'CONTADURÍA PÚBLICA', 146, NULL),
(1394, 'DERECHO EMPRESARIAL', 146, NULL),
(1395, 'DESARROLLA LOCAL Y TURISMO', 146, NULL),
(1396, 'DIRECCIÓN DE LA COMUNICACIÓN CORPORATIVA', 146, NULL),
(1397, 'DIRECCIÓN DE RECURSOS HUMANOS', 146, NULL),
(1398, 'DIRECCIÓN EMPRESARIAL', 146, NULL),
(1399, 'FINANZAS', 146, NULL),
(1400, 'GESTIÓN DE ENERGÍAS RENOVABLES', 146, NULL),
(1401, 'GESTIÓN DE OPERACIONES Y LOGÍSTICA', 146, NULL),
(1402, 'GESTIÓN DE SERVICIOS DE SALUD', 146, NULL),
(1403, 'GESTIÓN DE TECNOLOGÍAS DE INFORMACIÓN', 146, NULL),
(1404, 'INGENIERÍA DE ESTRUCTURAS', 146, NULL),
(1405, 'SISTEMAS DE GESTIÓN DE CALIDAD INTEGRADOS', 146, NULL),
(1406, 'ECONOMÍA Y EMPRESA', 147, NULL),
(1407, 'BILINGÜE EN CALL CENTER', 148, NULL),
(1408, 'ADMINISTRACIÓN', 148, NULL),
(1409, 'DESARROLLO DE SISTEMAS DE INFORMACIÓN', 148, NULL),
(1410, 'DIBUJO DE OBRAS CIVILES Y CONSTRUCCIÓN', 148, NULL),
(1411, 'DISEÑO GRÁFICO', 148, NULL),
(1412, 'DISEÑO Y DESARROLLO WEB', 148, NULL),
(1413, 'ENFERMERÍA AUXILIAR', 148, NULL),
(1414, 'MERCADOTECNIA Y VENTAS', 148, NULL),
(1415, 'INSTALACIONES DE REDES', 148, NULL),
(1416, 'ADMINISTRACIÓN DE LA HOSPITALIDAD Y EL TURISMO', 149, NULL),
(1417, 'ADMINISTRACIÓN INDUSTRIAL Y DE NEGOCIOS', 149, NULL),
(1418, 'ADMINISTRACIÓN DE EMPRESAS', 149, NULL),
(1419, 'ANIMACIÓN DIGITAL Y DISEÑO INTERACTIVO', 149, NULL),
(1420, 'COMUNICACIÓN AUDIOVISUAL Y PUBLICITARIA', 149, NULL),
(1421, 'DERECHO', 149, NULL),
(1422, 'DISEÑO DE MODAS', 149, NULL),
(1423, 'DISEÑO GRÁFICO', 149, NULL),
(1424, 'ECONOMÍA', 149, NULL),
(1425, 'FINANZAS', 149, NULL),
(1426, 'CONTADURÍA PÚBLICA Y FINANZAS', 149, NULL),
(1427, 'GASTRONOMÍA', 149, NULL),
(1428, 'MERCADOTECNIA Y NEGOCIOS INTERNACIONALES', 149, NULL),
(1429, 'MERCADOTECNIA', 149, NULL),
(1430, 'PERIODISMO', 149, NULL),
(1431, 'PSICOLOGÍA', 149, NULL),
(1432, 'RECURSOS HUMANOS', 149, NULL),
(1433, 'RELACIONES INTERNACIONALES', 149, NULL),
(1434, 'ARQUITECTURA', 150, NULL),
(1435, 'BIOMÉDICA', 150, NULL),
(1436, 'CIVIL', 150, NULL),
(1437, 'ELECTRÓNICA', 150, NULL),
(1438, 'ENERGÍA', 150, NULL),
(1439, 'GESTIÓN LOGÍSTICA', 150, NULL),
(1440, 'INDUSTRIAL Y DE SISTEMAS', 150, NULL),
(1441, 'INFORMÁTICA', 150, NULL),
(1442, 'MECATRÓNICA', 150, NULL),
(1443, 'SISTEMAS COMPUTACIONALES', 150, NULL),
(1444, 'TELECOMUNICACIONES', 150, NULL),
(1445, 'MEDICINA Y CIRUGÍA', 151, NULL),
(1446, 'NUTRICIÓN', 151, NULL),
(1447, 'TERAPIA FÍSICA Y OCUPACIONAL', 151, NULL),
(1448, 'ODONTOLOGÍA', 151, NULL),
(1449, 'ADMINISTRACIÓN DE PROYECTOS', 152, NULL),
(1450, 'CONTADURÍA PÚBLICA', 152, NULL),
(1451, 'DERECHO EMPRESARIAL', 152, NULL),
(1452, 'DESARROLLA LOCAL Y TURISMO', 152, NULL),
(1453, 'DIRECCIÓN DE LA COMUNICACIÓN CORPORATIVA', 152, NULL),
(1454, 'DIRECCIÓN DE RECURSOS HUMANOS', 152, NULL),
(1455, 'DIRECCIÓN EMPRESARIAL', 152, NULL),
(1456, 'FINANZAS', 152, NULL),
(1457, 'GESTIÓN DE ENERGÍAS RENOVABLES', 152, NULL),
(1458, 'GESTIÓN DE OPERACIONES Y LOGÍSTICA', 152, NULL),
(1459, 'GESTIÓN DE SERVICIOS DE SALUD', 152, NULL),
(1460, 'GESTIÓN DE TECNOLOGÍAS DE INFORMACIÓN', 152, NULL),
(1461, 'INGENIERÍA DE ESTRUCTURAS', 152, NULL),
(1462, 'SISTEMAS DE GESTIÓN DE CALIDAD INTEGRADOS', 152, NULL),
(1463, 'ECONOMÍA Y EMPRESA', 153, NULL),
(1464, 'BILINGÜE EN CALL CENTER', 154, NULL),
(1465, 'ADMINISTRACIÓN', 154, NULL),
(1466, 'DESARROLLO DE SISTEMAS DE INFORMACIÓN', 154, NULL),
(1467, 'DIBUJO DE OBRAS CIVILES Y CONSTRUCCIÓN', 154, NULL),
(1468, 'DISEÑO GRÁFICO', 154, NULL),
(1469, 'DISEÑO Y DESARROLLO WEB', 154, NULL),
(1470, 'ENFERMERÍA AUXILIAR', 154, NULL),
(1471, 'MERCADOTECNIA Y VENTAS', 154, NULL),
(1472, 'INSTALACIONES DE REDES', 154, NULL),
(1473, 'ADMINISTRACIÓN DE LA HOSPITALIDAD Y EL TURISMO', 155, NULL),
(1474, 'ADMINISTRACIÓN INDUSTRIAL Y DE NEGOCIOS', 155, NULL),
(1475, 'ADMINISTRACIÓN DE EMPRESAS', 155, NULL),
(1476, 'ANIMACIÓN DIGITAL Y DISEÑO INTERACTIVO', 155, NULL),
(1477, 'COMUNICACIÓN AUDIOVISUAL Y PUBLICITARIA', 155, NULL),
(1478, 'DERECHO', 155, NULL),
(1479, 'DISEÑO DE MODAS', 155, NULL),
(1480, 'DISEÑO GRÁFICO', 155, NULL),
(1481, 'ECONOMÍA', 155, NULL),
(1482, 'FINANZAS', 155, NULL),
(1483, 'CONTADURÍA PÚBLICA Y FINANZAS', 155, NULL),
(1484, 'GASTRONOMÍA', 155, NULL),
(1485, 'MERCADOTECNIA Y NEGOCIOS INTERNACIONALES', 155, NULL),
(1486, 'MERCADOTECNIA', 155, NULL),
(1487, 'PERIODISMO', 155, NULL),
(1488, 'PSICOLOGÍA', 155, NULL),
(1489, 'RECURSOS HUMANOS', 155, NULL),
(1490, 'RELACIONES INTERNACIONALES', 155, NULL),
(1491, 'ARQUITECTURA', 156, NULL),
(1492, 'BIOMÉDICA', 156, NULL),
(1493, 'CIVIL', 156, NULL),
(1494, 'ELECTRÓNICA', 156, NULL),
(1495, 'ENERGÍA', 156, NULL),
(1496, 'GESTIÓN LOGÍSTICA', 156, NULL),
(1497, 'INDUSTRIAL Y DE SISTEMAS', 156, NULL),
(1498, 'INFORMÁTICA', 156, NULL),
(1499, 'MECATRÓNICA', 156, NULL),
(1500, 'SISTEMAS COMPUTACIONALES', 156, NULL),
(1501, 'TELECOMUNICACIONES', 156, NULL),
(1502, 'MEDICINA Y CIRUGÍA', 157, NULL),
(1503, 'NUTRICIÓN', 157, NULL),
(1504, 'TERAPIA FÍSICA Y OCUPACIONAL', 157, NULL),
(1505, 'ODONTOLOGÍA', 157, NULL),
(1506, 'ADMINISTRACIÓN DE PROYECTOS', 158, NULL),
(1507, 'CONTADURÍA PÚBLICA', 158, NULL),
(1508, 'DERECHO EMPRESARIAL', 158, NULL),
(1509, 'DESARROLLA LOCAL Y TURISMO', 158, NULL),
(1510, 'DIRECCIÓN DE LA COMUNICACIÓN CORPORATIVA', 158, NULL),
(1511, 'DIRECCIÓN DE RECURSOS HUMANOS', 158, NULL),
(1512, 'DIRECCIÓN EMPRESARIAL', 158, NULL),
(1513, 'FINANZAS', 158, NULL),
(1514, 'GESTIÓN DE ENERGÍAS RENOVABLES', 158, NULL),
(1515, 'GESTIÓN DE OPERACIONES Y LOGÍSTICA', 158, NULL),
(1516, 'GESTIÓN DE SERVICIOS DE SALUD', 158, NULL),
(1517, 'GESTIÓN DE TECNOLOGÍAS DE INFORMACIÓN', 158, NULL),
(1518, 'INGENIERÍA DE ESTRUCTURAS', 158, NULL),
(1519, 'SISTEMAS DE GESTIÓN DE CALIDAD INTEGRADOS', 158, NULL),
(1520, 'ECONOMÍA Y EMPRESA', 159, NULL),
(1521, 'BILINGÜE EN CALL CENTER', 160, NULL),
(1522, 'ADMINISTRACIÓN', 160, NULL),
(1523, 'DESARROLLO DE SISTEMAS DE INFORMACIÓN', 160, NULL),
(1524, 'DIBUJO DE OBRAS CIVILES Y CONSTRUCCIÓN', 160, NULL),
(1525, 'DISEÑO GRÁFICO', 160, NULL),
(1526, 'DISEÑO Y DESARROLLO WEB', 160, NULL),
(1527, 'ENFERMERÍA AUXILIAR', 160, NULL),
(1528, 'MERCADOTECNIA Y VENTAS', 160, NULL),
(1529, 'INSTALACIONES DE REDES', 160, NULL),
(1530, 'ADMINISTRACIÓN DE LA HOSPITALIDAD Y EL TURISMO', 161, NULL),
(1531, 'ADMINISTRACIÓN INDUSTRIAL Y DE NEGOCIOS', 161, NULL),
(1532, 'ADMINISTRACIÓN DE EMPRESAS', 161, NULL),
(1533, 'ANIMACIÓN DIGITAL Y DISEÑO INTERACTIVO', 161, NULL),
(1534, 'COMUNICACIÓN AUDIOVISUAL Y PUBLICITARIA', 161, NULL),
(1535, 'DERECHO', 161, NULL),
(1536, 'DISEÑO DE MODAS', 161, NULL),
(1537, 'DISEÑO GRÁFICO', 161, NULL),
(1538, 'ECONOMÍA', 161, NULL),
(1539, 'FINANZAS', 161, NULL),
(1540, 'CONTADURÍA PÚBLICA Y FINANZAS', 161, NULL),
(1541, 'GASTRONOMÍA', 161, NULL),
(1542, 'MERCADOTECNIA Y NEGOCIOS INTERNACIONALES', 161, NULL),
(1543, 'MERCADOTECNIA', 161, NULL),
(1544, 'PERIODISMO', 161, NULL),
(1545, 'PSICOLOGÍA', 161, NULL),
(1546, 'RECURSOS HUMANOS', 161, NULL),
(1547, 'RELACIONES INTERNACIONALES', 161, NULL),
(1548, 'ARQUITECTURA', 162, NULL),
(1549, 'BIOMÉDICA', 162, NULL),
(1550, 'CIVIL', 162, NULL),
(1551, 'ELECTRÓNICA', 162, NULL),
(1552, 'ENERGÍA', 162, NULL),
(1553, 'GESTIÓN LOGÍSTICA', 162, NULL),
(1554, 'INDUSTRIAL Y DE SISTEMAS', 162, NULL),
(1555, 'INFORMÁTICA', 162, NULL),
(1556, 'MECATRÓNICA', 162, NULL),
(1557, 'SISTEMAS COMPUTACIONALES', 162, NULL),
(1558, 'TELECOMUNICACIONES', 162, NULL),
(1559, 'MEDICINA Y CIRUGÍA', 163, NULL),
(1560, 'NUTRICIÓN', 163, NULL),
(1561, 'TERAPIA FÍSICA Y OCUPACIONAL', 163, NULL),
(1562, 'ODONTOLOGÍA', 163, NULL),
(1563, 'ADMINISTRACIÓN DE PROYECTOS', 164, NULL),
(1564, 'CONTADURÍA PÚBLICA', 164, NULL),
(1565, 'DERECHO EMPRESARIAL', 164, NULL),
(1566, 'DESARROLLA LOCAL Y TURISMO', 164, NULL),
(1567, 'DIRECCIÓN DE LA COMUNICACIÓN CORPORATIVA', 164, NULL),
(1568, 'DIRECCIÓN DE RECURSOS HUMANOS', 164, NULL),
(1569, 'DIRECCIÓN EMPRESARIAL', 164, NULL),
(1570, 'FINANZAS', 164, NULL),
(1571, 'GESTIÓN DE ENERGÍAS RENOVABLES', 164, NULL),
(1572, 'GESTIÓN DE OPERACIONES Y LOGÍSTICA', 164, NULL),
(1573, 'GESTIÓN DE SERVICIOS DE SALUD', 164, NULL),
(1574, 'GESTIÓN DE TECNOLOGÍAS DE INFORMACIÓN', 164, NULL),
(1575, 'INGENIERÍA DE ESTRUCTURAS', 164, NULL),
(1576, 'SISTEMAS DE GESTIÓN DE CALIDAD INTEGRADOS', 164, NULL),
(1577, 'ECONOMÍA Y EMPRESA', 165, NULL),
(1578, 'BILINGÜE EN CALL CENTER', 166, NULL),
(1579, 'ADMINISTRACIÓN', 166, NULL),
(1580, 'DESARROLLO DE SISTEMAS DE INFORMACIÓN', 166, NULL),
(1581, 'DIBUJO DE OBRAS CIVILES Y CONSTRUCCIÓN', 166, NULL),
(1582, 'DISEÑO GRÁFICO', 166, NULL),
(1583, 'DISEÑO Y DESARROLLO WEB', 166, NULL),
(1584, 'ENFERMERÍA AUXILIAR', 166, NULL),
(1585, 'MERCADOTECNIA Y VENTAS', 166, NULL),
(1586, 'INSTALACIONES DE REDES', 166, NULL);

-- --------------------------------------------------------

--
-- Estructura de tabla para la tabla `carrera_has_users`
--

CREATE TABLE `carrera_has_users` (
  `users_id_users` int(11) NOT NULL,
  `tipo_accion_id` int(11) NOT NULL,
  `created_at` timestamp NOT NULL DEFAULT CURRENT_TIMESTAMP ON UPDATE CURRENT_TIMESTAMP
) ENGINE=InnoDB DEFAULT CHARSET=latin1;

-- --------------------------------------------------------

--
-- Estructura de tabla para la tabla `codigo_carrera`
--

CREATE TABLE `codigo_carrera` (
  `id` int(11) NOT NULL,
  `nombre` varchar(45) DEFAULT NULL
) ENGINE=InnoDB DEFAULT CHARSET=latin1;

--
-- Volcado de datos para la tabla `codigo_carrera`
--

INSERT INTO `codigo_carrera` (`id`, `nombre`) VALUES
(1, 'INGENIERIA INDUSTRIAL'),
(2, 'INGENIERIA EN SISTEMAS'),
(3, 'INGENIERIA CIVIL'),
(4, 'INGENIER?A EL?CTRICA INDUSTRIAL'),
(5, 'ARQUITECTURA'),
(6, 'INGENIER?A QU?MICA INDUSTRIAL'),
(7, 'INGENIER?A MEC?NICA INDUSTRIAL'),
(8, 'INGENIER?A DE NEGOCIOS'),
(9, 'INGENIER?A EN INFORM?TICA'),
(10, 'INGENIER?A EN CIENCIAS DE LA COMPUTACI?N'),
(11, 'LICENCIATURA EN ASTRONOM?A Y ASTROF?SICA'),
(12, 'INGENIER?A EN GESTI?N LOG?STICA'),
(13, 'INGENIER?A MECATR?NICA'),
(14, 'INGENIER?A EN ENERG?A RENOVABLES SOSTENIBLES'),
(15, 'INGENIER?A PRODUCCI?N INDUSTRIAL'),
(16, 'INGENIER?A ELECTR?NICA'),
(17, 'INGENIER?A EN ENERG?A'),
(18, 'INGENIER?A INDUSTRIAL Y DE SISTEMAS'),
(19, 'RELACIONES INDUSTRIALES'),
(20, 'INGENIER?A EN PRODUCCI?N INDUSTRIAL'),
(21, 'INGENIER?A EN DISE?O INDUSTRIAL'),
(22, 'INGENIER?A EN INDUCCI?N INDUSTRIAL'),
(23, 'INGENIER?A BIOMEC?NICA'),
(24, 'INGENIER?A EN BIOM?DICA'),
(25, 'LICENCIATURA EN PEDAGOG?A'),
(26, 'LICENCIATURA EN LENGUNAS EXTRANJERAS CON ORIE'),
(27, 'LICENCIATURA EN MATEM?TICAS'),
(28, 'LICENCIATURA EN EDUCACI?N B?SICA'),
(29, 'LICENCIATURA EN EDUCACI?N F?SICA'),
(30, 'LENGUAS EXTRANJERAS'),
(31, 'LICENCIATURA EN M?SICA'),
(32, 'LICENCIATURA EN LETRAS'),
(33, 'PEDAGOG?A Y CIENCIAS DE LA EDUCACI?N'),
(34, 'LICENCIATURA EN INGL?S'),
(35, 'LICENCIATURA EN CIENCIAS SOCIALES'),
(36, 'LICENCIATURA EN CIENCIAS NATURALES'),
(37, 'LICENCIATURA EN EDUCACI?N ESPECIAL'),
(38, 'ORIENTACI?N Y CONSEJER?A'),
(39, 'ADMINISTRACI?N Y GESTI?N'),
(40, 'PROFESORADO DE EDUCACI?N PREESCOLAR'),
(41, 'LICENCIATURA EN F?SICA'),
(42, 'ESPA?OL'),
(43, 'CIENCIAS COMERCIALES'),
(44, 'EDUCACI?N ART?STICA'),
(45, 'EDUCACI?N T?CNICA INDUSTRIAL'),
(46, 'GESTI?N Y ADMINISTRACI?N DE LA EDUCACI?N'),
(47, 'PEDAGOG?A ADMINISTRATIVA'),
(48, 'PEDAGOG?A EN CONSEJER?A'),
(49, 'T?CNICO UNIVERSITARIO EN ALIMENTOS Y BEBIDAS'),
(50, 'DISE?O GR?FICO'),
(51, 'T?CNICO UNIVERSITARIO EN MICROFINANZAS'),
(52, 'SEGURIDAD ALIMENTARIA'),
(53, 'T?CNICO BILING?E EN CALL CENTER'),
(54, 'DISE?O DE INTERIORES'),
(55, 'T?CNICO INDUSTRIAL'),
(56, 'LICENCIATURA DISE?O DE MODAS'),
(57, 'T?CNICO EN INSTALACI?N DE REDES'),
(58, 'INGENIER?A AGROINDUSTRIAL'),
(59, 'INGENIER?A AGRON?MICA'),
(60, 'LICENCIATURA EN ECOTURISMO'),
(61, 'INGENIER?A EN CIENCIAS ACUICOLAS Y? RECURSOS '),
(62, 'LICENCIATURA EN ADMINISTRACI?N DE EMPRESAS AG'),
(63, 'INGENIER?A AMBIENTAL'),
(64, 'INGENIER?A FORESTAL'),
(65, 'INGENIER?A EN GEOLOG?A'),
(66, 'T?CNICO EN AGROEXPORTACIONES'),
(67, 'T?CNICO UNIVERSITARIO EN PRODUCCI?N AGR?COLA'),
(68, 'DASONOM?A'),
(69, 'LICENCIATURA EN PSICOLOG?A'),
(70, 'LICENCIATURA EN PERIODISMO'),
(71, 'LICENCIATURA EN SOCIOLOG?A'),
(72, 'TRABAJO SOCIAL'),
(73, 'CIENCIAS DE LA COMUNICACI?N'),
(74, 'LICENCIATURA EN RECURSOS HUMANOS'),
(75, 'TURISMO'),
(76, 'COMUNICACI?N Y PUBLICIDAD'),
(77, 'COMUNICACI?N SOCIAL'),
(78, 'COMUNICACI?N AUDIOVISUAL Y P?BLICA'),
(79, 'DIRECCI?N DE LA COMUNICACI?N COOPERATIVA'),
(80, 'ESTADO Y POL?TICAS P?BLICAS'),
(81, 'INGENIER?A EN CINE Y TELEVISI?N'),
(82, 'LICENCIATURA EN TEOLOG?A'),
(83, 'LICENCIATURA EN MERCADOTECNIA'),
(84, 'LICENCIATURA EN DERECHO'),
(85, 'GERENCIA Y DESARROLLO SOCIAL'),
(86, 'LICENCIATURA EN HISTORIA'),
(87, 'LICENCIATURA EN ANTROPOLOG?A'),
(88, 'INGENIER?A EN TELECOMUNICACIONES'),
(89, 'LICENCIATURA EN FILOSOF?A'),
(90, 'MAESTR?A DE LA DIRECCI?N DE LA COMUNICACI?N C'),
(91, 'LICENCIATURA EN ADMINISTRACI?N DE EMPRESAS'),
(92, 'LICENCIATURA EN CONTADUR?A P?BLICA Y FINANZAS'),
(93, 'LICENTURA EN COMERCIO INTERNACIONAL'),
(94, 'LICENCIATURA EN ECONOM?A'),
(95, 'LICENCIATURA EN ADMINISTRACI?N DE BANCA Y FIN'),
(96, 'LICENCIATURA EN ADMINISTRACI?N ADUANERA'),
(97, 'INFORM?TICA ADMINISTRATIVA'),
(98, 'LICENCIATURA EN ADMINISTRACI?N P?BLICA'),
(99, 'LICENCIATURA EN COMERCIO INTERNACIONAL CON OR'),
(100, 'LICENCIATURA EN DESARROLLO LOCAL'),
(101, 'RELACIONES INTERNACIONALES'),
(102, 'GERENCIA DE NEGOCIOS'),
(103, 'FINANZAS'),
(104, 'DIRECCI?N EMPRESARIAL'),
(105, 'GESTI?N ESTRAT?GICA DE EMPRESAS'),
(106, 'GESTI?N Y CONTADUR?A EMPRESARIAL'),
(107, 'ADMISTRACI?N INDUSTRIAL Y DE NEGOCIOS'),
(108, 'LICENCIATURA EN CONTADUR?A P?BLICA'),
(109, 'NEGOCIOS INTERNACIONALES'),
(110, 'ADMINISTRACI?N DE PROYECTOS'),
(111, 'ADMINISTRACI?N INDUSTRIAL'),
(112, 'GASTRONOM?A'),
(113, 'GESTI?N DE CALIDAD TOTAL'),
(114, 'MEDICINA'),
(115, 'ODONTOLOG?A'),
(116, 'ENFERMER?A'),
(117, 'LICENCIATURA EN NUTRICI?N'),
(118, 'MICROBIOLOG?A'),
(119, 'QU?MICA Y FARMACIA'),
(120, 'LICENCIATURA EN BIOLOG?A'),
(121, 'T?CNICO UNIVERSITARIO EN? RADIOTECNOLOG?A'),
(122, 'T?CNICO UNIVERSITARIO EN TERAPIA FUNCIONAL'),
(123, 'LICENCIATURA EN FONOAUDIOLOG?A'),
(124, 'CIRUG?A DENTAL'),
(125, 'CIENCIAS PARA LA SALUD'),
(126, 'MEDICINA VETERINARIA'),
(127, 'LABORATORIO CL?NICO'),
(128, 'REDIOTECNOLOG?A');

-- --------------------------------------------------------

--
-- Estructura de tabla para la tabla `codigo_facultad`
--

CREATE TABLE `codigo_facultad` (
  `id` int(11) NOT NULL,
  `nombre` varchar(45) DEFAULT NULL
) ENGINE=InnoDB DEFAULT CHARSET=latin1;

--
-- Volcado de datos para la tabla `codigo_facultad`
--

INSERT INTO `codigo_facultad` (`id`, `nombre`) VALUES
(1, 'Ciencias Fisico-Matematicas'),
(2, 'Ciencias de la educacion'),
(3, 'Tecnicos'),
(4, 'Ciencias agroforestales'),
(5, 'Areas de las ciencias sociales'),
(6, 'Ciencias Economicas administrativas'),
(7, 'Ciencias biologicas y de la salud'),
(8, 'OTRO'),
(9, 'Maestria'),
(10, 'Licenciatura');

-- --------------------------------------------------------

--
-- Estructura de tabla para la tabla `color`
--

CREATE TABLE `color` (
  `id` int(11) NOT NULL,
  `color` varchar(45) NOT NULL
) ENGINE=InnoDB DEFAULT CHARSET=latin1;

--
-- Volcado de datos para la tabla `color`
--

INSERT INTO `color` (`id`, `color`) VALUES
(1, '#04B404'),
(2, '	#FFCC00'),
(3, '#ff0000');

-- --------------------------------------------------------

--
-- Estructura de tabla para la tabla `compromiso_politico`
--

CREATE TABLE `compromiso_politico` (
  `id_cpolitico` int(11) NOT NULL,
  `nombre` varchar(100) NOT NULL,
  `fecha_inicio` date NOT NULL,
  `fecha_final` date NOT NULL,
  `encargado` varchar(45) NOT NULL,
  `lugar` varchar(200) NOT NULL,
  `asosio` varchar(100) DEFAULT NULL
) ENGINE=InnoDB DEFAULT CHARSET=latin1;

-- --------------------------------------------------------

--
-- Estructura de tabla para la tabla `compromiso_social_horas`
--

CREATE TABLE `compromiso_social_horas` (
  `id_compromiso` int(11) NOT NULL,
  `nombre` varchar(95) NOT NULL,
  `fecha` date NOT NULL,
  `horas` int(11) NOT NULL,
  `id_datos_personales` int(11) NOT NULL,
  `taller_id_taller` int(11) NOT NULL
) ENGINE=InnoDB DEFAULT CHARSET=latin1;

-- --------------------------------------------------------

--
-- Estructura de tabla para la tabla `convenio_universidad`
--

CREATE TABLE `convenio_universidad` (
  `id` int(11) NOT NULL,
  `universidad_id` int(11) NOT NULL,
  `nombre` varchar(95) DEFAULT NULL,
  `inicio` date DEFAULT NULL,
  `final` date DEFAULT NULL
) ENGINE=InnoDB DEFAULT CHARSET=latin1;

-- --------------------------------------------------------

--
-- Estructura de tabla para la tabla `convocatorias`
--

CREATE TABLE `convocatorias` (
  `id` int(11) NOT NULL,
  `nombre` varchar(100) NOT NULL,
  `fecha_inicio` date NOT NULL,
  `fecha_final` date NOT NULL
) ENGINE=InnoDB DEFAULT CHARSET=utf8;

-- --------------------------------------------------------

--
-- Estructura de tabla para la tabla `convocatorias_has_users`
--

CREATE TABLE `convocatorias_has_users` (
  `convocatorias_id` int(11) NOT NULL,
  `users_id_users` int(11) NOT NULL,
  `tipo_accion_id` int(11) NOT NULL,
  `created_at` multilinestring DEFAULT NULL
) ENGINE=InnoDB DEFAULT CHARSET=utf8;

-- --------------------------------------------------------

--
-- Estructura de tabla para la tabla `creacion_becarios_has_users`
--

CREATE TABLE `creacion_becarios_has_users` (
  `id` int(11) NOT NULL,
  `datos_personales_id` int(11) NOT NULL,
  `users_id` int(11) NOT NULL,
  `tipo_accion_id` int(11) NOT NULL,
  `created_at` timestamp NULL DEFAULT NULL,
  `updated_at` timestamp NULL DEFAULT NULL
) ENGINE=InnoDB DEFAULT CHARSET=utf8;

--
-- Volcado de datos para la tabla `creacion_becarios_has_users`
--

INSERT INTO `creacion_becarios_has_users` (`id`, `datos_personales_id`, `users_id`, `tipo_accion_id`, `created_at`, `updated_at`) VALUES
(1, 45, 4, 15, '2018-11-21 22:54:14', '2018-11-21 22:54:14'),
(2, 41, 4, 16, '2018-11-21 22:57:54', '2018-11-21 22:57:54'),
(3, 46, 9, 15, '2018-11-26 22:01:07', '2018-11-26 22:01:07'),
(4, 47, 4, 15, '2018-11-27 15:40:44', '2018-11-27 15:40:44');

-- --------------------------------------------------------

--
-- Estructura de tabla para la tabla `datos_laboral`
--

CREATE TABLE `datos_laboral` (
  `id` int(11) NOT NULL,
  `identidad` varchar(300) DEFAULT NULL,
  `cargo` varchar(300) DEFAULT NULL,
  `fecha_inicio` date DEFAULT NULL,
  `jefe_inmediato` varchar(200) DEFAULT NULL,
  `telefono_referencia` varchar(15) DEFAULT NULL,
  `tipo_ingreso` int(11) DEFAULT NULL,
  `ingreso` int(11) DEFAULT NULL,
  `id_solicitante` int(11) NOT NULL
) ENGINE=InnoDB DEFAULT CHARSET=utf8;

-- --------------------------------------------------------

--
-- Estructura de tabla para la tabla `datos_madre`
--

CREATE TABLE `datos_madre` (
  `id` int(11) NOT NULL,
  `identidad` varchar(13) NOT NULL,
  `nombre_completo` varchar(50) NOT NULL,
  `email` varchar(250) DEFAULT NULL,
  `celular` varchar(15) NOT NULL,
  `updated_at` timestamp NOT NULL DEFAULT CURRENT_TIMESTAMP ON UPDATE CURRENT_TIMESTAMP,
  `created_at` timestamp NULL DEFAULT NULL
) ENGINE=InnoDB DEFAULT CHARSET=utf8;

--
-- Volcado de datos para la tabla `datos_madre`
--

INSERT INTO `datos_madre` (`id`, `identidad`, `nombre_completo`, `email`, `celular`, `updated_at`, `created_at`) VALUES
(16, '0807199400130', 'Carmen Argentina Colindres', NULL, '33303379', '2018-11-01 14:31:44', '2018-11-01 14:31:44'),
(22, '5444444444444', 'Carmen Argentina Colindres', NULL, '33303379', '2018-11-05 20:40:06', '2018-11-05 20:40:06'),
(23, '5444444444444', 'Carmen Argentina Colindres', NULL, '33303379', '2018-11-05 20:41:57', '2018-11-05 20:41:57'),
(24, '5444444444444', 'Carmen Argentina Colindres', NULL, '33303379', '2018-11-05 20:42:46', '2018-11-05 20:42:46'),
(25, '5444444444444', 'Carmen Argentina Colindres', NULL, '33303379', '2018-11-05 20:45:13', '2018-11-05 20:45:13'),
(26, '0561515154165', 'Carmen Garmendia', NULL, '96515158', '2018-11-27 15:40:43', '2018-11-27 15:40:43');

-- --------------------------------------------------------

--
-- Estructura de tabla para la tabla `datos_madre_has_users`
--

CREATE TABLE `datos_madre_has_users` (
  `datos_madre_id_madre` int(11) NOT NULL,
  `users_id_users` int(11) NOT NULL,
  `tipo_accion_id` int(11) NOT NULL,
  `created_at` timestamp NOT NULL DEFAULT CURRENT_TIMESTAMP ON UPDATE CURRENT_TIMESTAMP
) ENGINE=InnoDB DEFAULT CHARSET=utf8;

-- --------------------------------------------------------

--
-- Estructura de tabla para la tabla `datos_padre`
--

CREATE TABLE `datos_padre` (
  `id` int(11) NOT NULL,
  `identidad` varchar(13) NOT NULL,
  `nombre_completo` varchar(100) NOT NULL,
  `email` varchar(250) DEFAULT NULL,
  `celular` varchar(15) DEFAULT NULL,
  `created_at` timestamp NULL DEFAULT NULL,
  `updated_at` timestamp NULL DEFAULT NULL
) ENGINE=InnoDB DEFAULT CHARSET=utf8;

--
-- Volcado de datos para la tabla `datos_padre`
--

INSERT INTO `datos_padre` (`id`, `identidad`, `nombre_completo`, `email`, `celular`, `created_at`, `updated_at`) VALUES
(10, '0508199500130', 'Selvin Dublain', NULL, '94511656', '2018-11-01 14:31:44', '2018-11-01 14:31:44'),
(11, '0705197500320', 'ariel morazan', NULL, '55444444', '2018-11-05 20:11:47', '2018-11-05 20:11:47'),
(12, '0705197500320', 'ariel morazan', NULL, '55444444', '2018-11-05 20:12:54', '2018-11-05 20:12:54'),
(13, '0705197500320', 'ariel morazan', NULL, '55444444', '2018-11-05 20:15:28', '2018-11-05 20:15:28'),
(14, '0705197500320', 'ariel morazan', NULL, '55444444', '2018-11-05 20:26:57', '2018-11-05 20:26:57'),
(15, '0705197500320', 'ariel morazan', NULL, '55444444', '2018-11-05 20:29:15', '2018-11-05 20:29:15'),
(16, '0705197500320', 'ariel morazan', NULL, '55444444', '2018-11-05 20:30:23', '2018-11-05 20:30:23'),
(17, '0705197500320', 'ariel morazan', NULL, '55444444', '2018-11-05 20:30:55', '2018-11-05 20:30:55'),
(18, '0705197500320', 'ariel morazan', NULL, '94511656', '2018-11-05 20:40:06', '2018-11-05 20:40:06'),
(19, '0705197500320', 'ariel morazan', NULL, '94511656', '2018-11-05 20:41:58', '2018-11-05 20:41:58'),
(20, '0705197500320', 'ariel morazan', NULL, '94511656', '2018-11-05 20:42:46', '2018-11-05 20:42:46'),
(21, '0705197500320', 'Selvin Dublain', NULL, '55444444', '2018-11-05 20:45:13', '2018-11-05 20:45:13'),
(22, '0508199500130', 'ariel morazan', NULL, '94511656', '2018-11-21 22:53:18', '2018-11-21 22:53:18'),
(23, '0508199500130', 'ariel morazan', NULL, '94511656', '2018-11-21 22:54:14', '2018-11-21 22:54:14');

-- --------------------------------------------------------

--
-- Estructura de tabla para la tabla `datos_padre_has_users`
--

CREATE TABLE `datos_padre_has_users` (
  `datos_padre_id_padre` int(11) NOT NULL,
  `users_id_users` int(11) NOT NULL,
  `tipo_accion_id` int(11) NOT NULL,
  `created_at` timestamp NULL DEFAULT NULL,
  `datos_padre_has_userscol` varchar(45) DEFAULT NULL
) ENGINE=InnoDB DEFAULT CHARSET=utf8;

-- --------------------------------------------------------

--
-- Estructura de tabla para la tabla `datos_personales`
--

CREATE TABLE `datos_personales` (
  `id` int(11) NOT NULL,
  `id_cargo` int(11) DEFAULT NULL,
  `id_municipio` int(11) DEFAULT NULL,
  `genero` int(11) DEFAULT NULL,
  `estado_civil` int(11) DEFAULT NULL,
  `id_padre` int(11) DEFAULT NULL,
  `id_madre` int(11) DEFAULT NULL,
  `id_laboral` int(11) DEFAULT NULL,
  `id_extracurr` int(11) DEFAULT NULL,
  `id_grupo_becarios` int(11) DEFAULT NULL,
  `id_banco` int(11) DEFAULT NULL,
  `id_documentos` int(11) DEFAULT NULL,
  `identidad` varchar(13) DEFAULT NULL,
  `nombre` varchar(45) DEFAULT NULL,
  `primer_nombre` varchar(100) DEFAULT NULL,
  `segundo_nombre` varchar(100) DEFAULT NULL,
  `primer_apellido` varchar(100) DEFAULT NULL,
  `segundo_apellido` varchar(100) DEFAULT NULL,
  `fecha_nacimiento` date DEFAULT NULL,
  `discapacidad` varchar(2) DEFAULT NULL,
  `ciudad` varchar(200) DEFAULT NULL,
  `ciudad_res` varchar(200) DEFAULT NULL,
  `colonia` varchar(200) DEFAULT NULL,
  `bloque` varchar(200) DEFAULT NULL,
  `casa` varchar(200) DEFAULT NULL,
  `referenciaDir` varchar(200) DEFAULT NULL,
  `cod_postal` smallint(6) DEFAULT NULL,
  `telefono` varchar(11) DEFAULT NULL,
  `celular` varchar(11) DEFAULT NULL,
  `num_whatsapp` varchar(11) DEFAULT NULL,
  `email` varchar(250) DEFAULT NULL,
  `passw` varchar(250) DEFAULT NULL,
  `longitud` varchar(500) DEFAULT NULL,
  `latitud` varchar(500) DEFAULT NULL,
  `departamento_residencia` int(11) DEFAULT NULL,
  `becas_id` int(11) DEFAULT NULL,
  `cuenta_universitaria` varchar(20) DEFAULT NULL,
  `created_at` timestamp NULL DEFAULT NULL,
  `updated_at` timestamp NULL DEFAULT NULL,
  `estado_estudios` varchar(45) DEFAULT NULL,
  `fecha_estado_estudios` date DEFAULT NULL,
  `practica` varchar(45) DEFAULT NULL,
  `practica_inicio` date DEFAULT NULL,
  `practica_fin` date DEFAULT NULL,
  `estado_practica` varchar(45) DEFAULT NULL,
  `retencion_inicio` date DEFAULT NULL,
  `retencion_final` date DEFAULT NULL
) ENGINE=InnoDB DEFAULT CHARSET=utf8;

--
-- Volcado de datos para la tabla `datos_personales`
--

INSERT INTO `datos_personales` (`id`, `id_cargo`, `id_municipio`, `genero`, `estado_civil`, `id_padre`, `id_madre`, `id_laboral`, `id_extracurr`, `id_grupo_becarios`, `id_banco`, `id_documentos`, `identidad`, `nombre`, `primer_nombre`, `segundo_nombre`, `primer_apellido`, `segundo_apellido`, `fecha_nacimiento`, `discapacidad`, `ciudad`, `ciudad_res`, `colonia`, `bloque`, `casa`, `referenciaDir`, `cod_postal`, `telefono`, `celular`, `num_whatsapp`, `email`, `passw`, `longitud`, `latitud`, `departamento_residencia`, `becas_id`, `cuenta_universitaria`, `created_at`, `updated_at`, `estado_estudios`, `fecha_estado_estudios`, `practica`, `practica_inicio`, `practica_fin`, `estado_practica`, `retencion_inicio`, `retencion_final`) VALUES
(30, NULL, 111, 1, 1, 10, 16, NULL, NULL, NULL, NULL, NULL, '0705199400130', 'Selvin Ariel Morazan Colindres', NULL, NULL, NULL, NULL, '2018-11-15', NULL, 'Tegucigalpa', NULL, NULL, NULL, NULL, NULL, NULL, NULL, '99138307', NULL, NULL, NULL, NULL, NULL, NULL, 1, '20131001356', '2018-11-01 14:31:45', '2018-11-26 21:54:03', 'Activo', '2018-11-26', 'Practica', '2018-11-22', '2018-11-22', 'Activo', '2018-06-01', '2018-06-30'),
(41, NULL, 111, 2, 1, 21, 25, NULL, NULL, NULL, NULL, NULL, '2555555555555', 'Selena Gabriela Morazan Colindres', NULL, NULL, NULL, NULL, '2014-08-12', NULL, 'Tegucigalpa', NULL, NULL, NULL, NULL, NULL, NULL, NULL, '89999999', NULL, NULL, NULL, NULL, NULL, NULL, 1, '55555555555', '2018-11-05 20:45:14', '2018-11-27 20:36:35', 'Activo', '2018-11-26', 'Practica', '2018-01-01', '2018-05-31', 'Activo', '2017-04-18', '2017-06-30'),
(45, NULL, 111, 1, 1, 23, NULL, NULL, NULL, NULL, NULL, NULL, '0801199512796', 'Oscar Edgardo Lanza Nelson', 'Oscar', 'Edgardo', 'Lanza', 'Nelson', '2018-11-21', NULL, 'Tegucigalpa', NULL, NULL, NULL, NULL, NULL, NULL, NULL, '94688777', NULL, NULL, NULL, NULL, NULL, NULL, 1, '20141001360', '2018-11-21 22:54:14', '2018-11-28 16:46:57', 'Activo', '2018-11-21', NULL, NULL, NULL, NULL, '2018-02-01', '2018-02-28'),
(46, NULL, 111, 1, 1, NULL, NULL, NULL, NULL, NULL, NULL, NULL, '0801199115026', 'Hector Leonel Nolasco Rodriguez', 'Hector', 'Leonel', 'Nolasco', 'Rodriguez', '1991-08-02', NULL, 'TGU', NULL, NULL, NULL, NULL, NULL, NULL, NULL, '96689747', NULL, NULL, NULL, NULL, NULL, NULL, 15, '310431041197', '2018-11-26 22:01:07', '2018-11-27 17:01:01', 'Activo', '2018-11-27', 'Practica', '2018-01-01', '2018-05-30', 'Activo', '2017-04-18', '2017-04-18'),
(47, NULL, 94, 1, 1, NULL, 26, NULL, NULL, NULL, NULL, NULL, '0801199400130', 'Francisco Hernesto Morazan Fonseca', 'Francisco', 'Hernesto', 'Morazan', 'Fonseca', '1994-02-08', NULL, 'El Paraiso', NULL, NULL, NULL, NULL, NULL, NULL, NULL, '98124562', NULL, NULL, NULL, NULL, NULL, NULL, 15, '0708194401001', '2018-11-27 15:40:43', '2018-11-27 20:21:01', 'Activo', '2018-11-27', 'Practica', '2018-01-01', '2018-04-30', 'Activo', '2015-05-05', '2015-06-05');

-- --------------------------------------------------------

--
-- Estructura de tabla para la tabla `datos_personales_has_carreras`
--

CREATE TABLE `datos_personales_has_carreras` (
  `id` int(11) NOT NULL,
  `id_datos_personales` int(11) NOT NULL,
  `carrera_id` int(11) NOT NULL,
  `created_at` timestamp NULL DEFAULT NULL,
  `updated_at` timestamp NULL DEFAULT NULL
) ENGINE=InnoDB DEFAULT CHARSET=utf8;

--
-- Volcado de datos para la tabla `datos_personales_has_carreras`
--

INSERT INTO `datos_personales_has_carreras` (`id`, `id_datos_personales`, `carrera_id`, `created_at`, `updated_at`) VALUES
(12, 30, 2, '2018-11-01 14:31:45', '2018-11-21 23:58:05'),
(13, 41, 18, '2018-11-05 20:45:14', '2018-11-21 21:08:23'),
(14, 45, 294, '2018-11-21 22:54:14', '2018-11-28 15:51:20'),
(15, 46, 1441, '2018-11-26 22:01:07', '2018-11-26 22:01:07'),
(16, 47, 294, '2018-11-27 15:40:43', '2018-11-27 15:40:43');

-- --------------------------------------------------------

--
-- Estructura de tabla para la tabla `departamento`
--

CREATE TABLE `departamento` (
  `id_depto` int(11) NOT NULL,
  `departamento` varchar(250) NOT NULL
) ENGINE=InnoDB DEFAULT CHARSET=utf8;

--
-- Volcado de datos para la tabla `departamento`
--

INSERT INTO `departamento` (`id_depto`, `departamento`) VALUES
(1, 'Atlántida'),
(2, 'Choluteca'),
(3, 'Colón'),
(4, 'Comayagua'),
(5, 'Copán'),
(6, 'Cortes'),
(7, 'El Paraíso'),
(8, 'Francisco Morazán'),
(9, 'Gracias a Dios'),
(10, 'Intibucá'),
(11, 'Islas de la Bahía'),
(12, 'La Paz'),
(13, 'Lempira'),
(14, 'Ocotepeque'),
(15, 'Olancho'),
(16, 'Santa Bárbara'),
(17, 'Valle'),
(18, 'Yoro');

-- --------------------------------------------------------

--
-- Estructura de tabla para la tabla `depa_asignado`
--

CREATE TABLE `depa_asignado` (
  `created_at` timestamp NULL DEFAULT NULL,
  `users_id` int(11) NOT NULL,
  `departamento_id_depto` int(11) NOT NULL,
  `estado` enum('Inactivo','Activo') DEFAULT NULL,
  `updated_at` timestamp NULL DEFAULT NULL,
  `id` int(11) NOT NULL
) ENGINE=InnoDB DEFAULT CHARSET=latin1;

--
-- Volcado de datos para la tabla `depa_asignado`
--

INSERT INTO `depa_asignado` (`created_at`, `users_id`, `departamento_id_depto`, `estado`, `updated_at`, `id`) VALUES
('2018-10-12 22:14:36', 1, 8, 'Inactivo', '2018-10-15 15:51:08', 1),
('2018-10-12 22:31:36', 1, 10, 'Inactivo', '2018-10-17 17:03:34', 2),
('2018-10-12 22:36:28', 1, 7, 'Activo', '2018-10-12 22:36:28', 3),
('2018-10-12 22:40:46', 1, 4, 'Activo', '2018-10-12 22:40:46', 4),
('2018-10-15 15:43:51', 1, 1, 'Inactivo', '2018-10-15 15:44:15', 5),
('2018-10-15 15:51:18', 1, 1, 'Activo', '2018-10-15 15:51:18', 6),
('2018-10-17 17:03:25', 1, 8, 'Activo', '2018-10-17 17:03:25', 7),
('2018-10-17 17:37:42', 3, 4, 'Inactivo', '2018-10-17 17:37:55', 8),
('2018-10-17 17:37:51', 3, 6, 'Inactivo', '2018-10-30 18:04:52', 9),
('2018-10-17 17:43:59', 3, 4, 'Activo', '2018-10-17 17:43:59', 10),
('2018-10-17 17:47:20', 3, 8, 'Activo', '2018-10-17 17:47:20', 11),
('2018-10-17 17:47:26', 3, 15, 'Activo', '2018-10-17 17:47:26', 12),
('2018-10-17 17:47:32', 3, 18, 'Activo', '2018-10-17 17:47:33', 13),
('2018-10-17 18:08:37', 5, 7, 'Activo', '2018-10-17 18:08:37', 14),
('2018-10-17 18:08:48', 5, 9, 'Activo', '2018-10-17 18:08:48', 15),
('2018-10-17 18:42:55', 2, 5, 'Activo', '2018-10-17 18:42:55', 16),
('2018-10-17 18:43:02', 2, 2, 'Activo', '2018-10-17 18:43:02', 17),
('2018-10-17 21:43:29', 2, 8, 'Activo', '2018-10-17 21:43:30', 18),
('2018-10-17 21:55:43', 6, 7, 'Activo', '2018-10-17 21:55:43', 19),
('2018-10-17 21:55:51', 6, 9, 'Inactivo', '2018-10-17 21:56:34', 20),
('2018-10-19 21:52:29', 5, 8, 'Inactivo', '2018-10-19 21:52:49', 21),
('2018-10-19 21:52:46', 5, 3, 'Activo', '2018-10-19 21:52:46', 22),
('2018-10-26 20:49:54', 4, 6, 'Activo', '2018-10-26 20:49:54', 23),
('2018-10-26 20:50:00', 4, 9, 'Activo', '2018-10-26 20:50:00', 24),
('2018-10-30 21:39:27', 7, 4, 'Inactivo', '2018-10-30 21:39:41', 25),
('2018-11-02 17:33:03', 9, 7, 'Activo', '2018-11-02 17:33:03', 26),
('2018-11-02 17:33:10', 9, 12, 'Activo', '2018-11-02 17:33:10', 27),
('2018-11-13 21:25:12', 8, 3, 'Inactivo', '2018-11-13 21:25:24', 28),
('2018-11-13 21:25:19', 8, 4, 'Activo', '2018-11-13 21:25:19', 29);

-- --------------------------------------------------------

--
-- Estructura de tabla para la tabla `digitalizacion_documentos`
--

CREATE TABLE `digitalizacion_documentos` (
  `id` int(11) NOT NULL,
  `datos_personales_id` int(11) NOT NULL,
  `url` varchar(45) DEFAULT NULL,
  `periodo` varchar(45) DEFAULT NULL,
  `anio` date DEFAULT NULL,
  `created_at` timestamp NULL DEFAULT NULL,
  `updated_at` timestamp NULL DEFAULT NULL
) ENGINE=InnoDB DEFAULT CHARSET=latin1;

--
-- Volcado de datos para la tabla `digitalizacion_documentos`
--

INSERT INTO `digitalizacion_documentos` (`id`, `datos_personales_id`, `url`, `periodo`, `anio`, `created_at`, `updated_at`) VALUES
(1, 30, 'Expediente_0705199400130_1541165114.pdf', 'I periodo', '2018-11-01', '2018-11-02 13:25:14', '2018-11-02 13:25:14'),
(2, 30, 'Expediente_0705199400130_1541166086.pdf', 'II periodo', '2018-11-23', '2018-11-02 13:41:26', '2018-11-02 13:41:26'),
(3, 30, 'Expediente_0705199400130_1541169916.pptx', 'III periodo', '2018-11-02', '2018-11-02 14:45:16', '2018-11-02 14:45:16'),
(4, 30, 'Expediente_0705199400130_1541169960.pdf', 'IV periodo', '2018-11-02', '2018-11-02 14:46:00', '2018-11-02 14:46:00'),
(5, 30, 'Expediente_0705199400130_1541170055.pdf', 'IV periodo', '2018-11-02', '2018-11-02 14:47:35', '2018-11-02 14:47:35'),
(6, 30, 'Expediente_0705199400130_1541170098.pdf', 'IV periodo', '2018-11-02', '2018-11-02 14:48:18', '2018-11-02 14:48:18'),
(7, 30, 'Expediente_0705199400130_1541170098.pdf', 'IV periodo', '2018-11-02', '2018-11-02 14:48:18', '2018-11-02 14:48:18'),
(8, 30, 'Expediente_0705199400130_1541173638.pdf', 'I periodo', '2018-11-28', '2018-11-02 15:47:18', '2018-11-02 15:47:18'),
(9, 30, 'Expediente_0705199400130_1541174122.pdf', 'II periodo', '2017-02-01', '2018-11-02 15:55:22', '2018-11-02 15:55:22'),
(10, 30, 'Expediente_0705199400130_1541174217.pdf', 'II periodo', '2016-02-09', '2018-11-02 15:56:57', '2018-11-02 15:56:57'),
(11, 30, 'Expediente_0705199400130_1541174291.pdf', 'III periodo', '2015-01-01', '2018-11-02 15:58:11', '2018-11-02 15:58:11'),
(12, 30, 'Expediente_0705199400130_1541174346.pdf', 'IV periodo', '2014-01-05', '2018-11-02 15:59:06', '2018-11-02 15:59:06'),
(13, 30, 'Expediente_0705199400130_1541188493.pdf', 'Documentacion completa', '2018-11-14', '2018-11-02 19:54:53', '2018-11-02 19:54:53'),
(14, 30, 'Expediente_0705199400130_1541188688.pdf', 'Documentacion completa nueva', '2018-11-08', '2018-11-02 19:58:08', '2018-11-02 19:58:08'),
(15, 30, 'Expediente_0705199400130_1542137971.pdf', 'pruebas', '2018-11-13', '2018-11-13 19:39:31', '2018-11-13 19:39:31'),
(16, 41, 'Expediente_2555555555555_1542226639.pdf', 'Documentacion completa', '2018-11-14', '2018-11-14 20:17:19', '2018-11-14 20:17:19');

-- --------------------------------------------------------

--
-- Estructura de tabla para la tabla `documento`
--

CREATE TABLE `documento` (
  `id_documento` int(11) NOT NULL,
  `id_solicitante` int(11) NOT NULL,
  `nombre_archivo` varchar(250) NOT NULL,
  `titulo` varchar(250) NOT NULL,
  `id_convocatoria` int(11) NOT NULL,
  `nombre_recomendado` varchar(100) NOT NULL
) ENGINE=InnoDB DEFAULT CHARSET=utf8;

-- --------------------------------------------------------

--
-- Estructura de tabla para la tabla `documento_has_users`
--

CREATE TABLE `documento_has_users` (
  `documento_id_documento` int(11) NOT NULL,
  `users_id_users` int(11) NOT NULL,
  `tipo_accion_id` int(11) NOT NULL,
  `created_at` timestamp NOT NULL DEFAULT CURRENT_TIMESTAMP ON UPDATE CURRENT_TIMESTAMP
) ENGINE=InnoDB DEFAULT CHARSET=utf8;

-- --------------------------------------------------------

--
-- Estructura de tabla para la tabla `estado_civil`
--

CREATE TABLE `estado_civil` (
  `id_estado_civil` int(11) NOT NULL,
  `estado_civil` varchar(100) NOT NULL
) ENGINE=InnoDB DEFAULT CHARSET=utf8;

--
-- Volcado de datos para la tabla `estado_civil`
--

INSERT INTO `estado_civil` (`id_estado_civil`, `estado_civil`) VALUES
(1, 'Soltero'),
(2, 'Casado'),
(3, 'Unión Libre');

-- --------------------------------------------------------

--
-- Estructura de tabla para la tabla `estado_civil_has_users`
--

CREATE TABLE `estado_civil_has_users` (
  `estado_civil_id_estado_civil` int(11) NOT NULL,
  `users_id_users` int(11) NOT NULL,
  `tipo_accion_id` int(11) NOT NULL,
  `created_at` timestamp NOT NULL DEFAULT CURRENT_TIMESTAMP ON UPDATE CURRENT_TIMESTAMP
) ENGINE=InnoDB DEFAULT CHARSET=utf8;

-- --------------------------------------------------------

--
-- Estructura de tabla para la tabla `estado_estudios`
--

CREATE TABLE `estado_estudios` (
  `id` int(11) NOT NULL,
  `datos_personales_id` int(11) NOT NULL,
  `estado` varchar(45) NOT NULL,
  `descripcion` varchar(45) NOT NULL,
  `created_at` timestamp NULL DEFAULT NULL,
  `updated_at` timestamp NULL DEFAULT NULL
) ENGINE=InnoDB DEFAULT CHARSET=latin1;

-- --------------------------------------------------------

--
-- Estructura de tabla para la tabla `estado_estudios_has_users`
--

CREATE TABLE `estado_estudios_has_users` (
  `id` int(11) NOT NULL,
  `estado_estudios_id` int(11) NOT NULL,
  `users_id` int(11) NOT NULL,
  `tipo_accion_id` int(11) NOT NULL,
  `created_at` timestamp NOT NULL DEFAULT CURRENT_TIMESTAMP ON UPDATE CURRENT_TIMESTAMP,
  `updated_at` varchar(45) DEFAULT NULL
) ENGINE=InnoDB DEFAULT CHARSET=latin1;

-- --------------------------------------------------------

--
-- Estructura de tabla para la tabla `estado_pago`
--

CREATE TABLE `estado_pago` (
  `id_estado_pago` int(11) NOT NULL,
  `nombre_estado_pago` varchar(100) DEFAULT NULL
) ENGINE=InnoDB DEFAULT CHARSET=latin1;

-- --------------------------------------------------------

--
-- Estructura de tabla para la tabla `estado_pago_has_users`
--

CREATE TABLE `estado_pago_has_users` (
  `estado_pago_id_estado_pago` int(11) NOT NULL,
  `users_id` int(11) NOT NULL,
  `created_at` timestamp NOT NULL DEFAULT CURRENT_TIMESTAMP ON UPDATE CURRENT_TIMESTAMP
) ENGINE=InnoDB DEFAULT CHARSET=latin1;

-- --------------------------------------------------------

--
-- Estructura de tabla para la tabla `extra_curricular`
--

CREATE TABLE `extra_curricular` (
  `id_extracurr` int(11) NOT NULL,
  `url` varchar(300) NOT NULL,
  `id_solicitante` int(11) NOT NULL,
  `nombre` varchar(45) NOT NULL
) ENGINE=InnoDB DEFAULT CHARSET=utf8;

-- --------------------------------------------------------

--
-- Estructura de tabla para la tabla `extra_curricular_has_users`
--

CREATE TABLE `extra_curricular_has_users` (
  `extra_curricular_id_extracurr` int(11) NOT NULL,
  `users_id_users` int(11) NOT NULL,
  `tipo_accion_id` int(11) NOT NULL,
  `created_at` timestamp NOT NULL DEFAULT CURRENT_TIMESTAMP ON UPDATE CURRENT_TIMESTAMP
) ENGINE=InnoDB DEFAULT CHARSET=utf8;

-- --------------------------------------------------------

--
-- Estructura de tabla para la tabla `facultad`
--

CREATE TABLE `facultad` (
  `id` int(11) NOT NULL,
  `nombre` varchar(65) NOT NULL,
  `campus_id` int(11) NOT NULL,
  `codigo_facultad_id` int(11) NOT NULL
) ENGINE=InnoDB DEFAULT CHARSET=latin1;

--
-- Volcado de datos para la tabla `facultad`
--

INSERT INTO `facultad` (`id`, `nombre`, `campus_id`, `codigo_facultad_id`) VALUES
(1, 'INGENIERIA	\r\n', 4, 1),
(2, 'FACULTAD DE CIENCIAS MEDICAS	\r\n', 4, 7),
(3, 'CIENCIAS ECONÓMICAS', 4, 6),
(4, 'HUMANIDADES Y ARTES', 4, 5),
(5, 'FACULTAD DE CIENCIAS', 4, 1),
(6, 'CIENCIAS ESPACIALES', 4, 1),
(7, 'CIENCIAS JURÍDICAS', 4, 5),
(8, 'CIENCIAS QUÍMICAS Y FARMACIA', 4, 7),
(9, 'CIENCIAS SOCIALES', 4, 5),
(10, 'ODONTOLOGÍA', 4, 7),
(11, 'FACULTAD CURC', 92, 8),
(12, 'FACULTAD CURLA', 5, 8),
(13, 'FACULTAD CURLP', 6, 8),
(14, 'FACULTAD CURNO', 8, 8),
(15, 'FACULTAD CUROC', 7, 8),
(16, 'FACULTAD UNAH TEC AGUÁN', 3, 8),
(17, 'FACULTAD UNAH TEC DANLÍ', 1, 8),
(18, 'FACULTAD UNAH VS', 2, 8),
(19, 'FACULTAD CRAED CHOLUTECA', 96, 8),
(20, 'FACULTAD CRAED JUTICALPA', 97, 8),
(21, 'FACULTAD CRAED LA ENTRADA COPAN', 98, 8),
(22, 'FACULTAD CRAED EL PARAÍSO', 99, 8),
(23, 'FACULTAD CRAED EL PROGRESO', 100, 8),
(24, 'FACULTAD CRAED SIGUATEPEQUE', 101, 8),
(25, 'FACULTAD CRAED TEGUCIGALPA', 102, 8),
(26, 'FACULTAD CRAED TOCOA', 103, 8),
(27, 'FACULTAD I.T.S. TELA', 104, 8),
(28, 'FACULTAD TELECENTRO CHOLOMA', 105, 8),
(29, 'FACULTAD TELECENTO PUERTO CORTÉS', 106, 8),
(30, 'FACULTAD TELECENTRO GRACIAS', 107, 8),
(31, 'FACULTAD TELECENTRO OCOTEPEQUE', 108, 8),
(32, 'FACULTAD TELECENTRO ROATÁN', 109, 8),
(34, 'LICENCIATURA', 110, 8),
(35, 'LICENCIATURA', 111, 8),
(36, 'LICENCIATURA', 112, 8),
(37, 'LICENCIATURA', 113, 8),
(38, 'LICENCIATURA', 114, 8),
(39, 'LICENCIATURA', 115, 8),
(40, 'LICENCIATURA', 116, 8),
(41, 'INGENIERIA-TEGUCIGALPA', 110, 8),
(42, 'INGENIERIA-COMAYAGUA', 111, 8),
(43, 'INGENIERIA-LA PAZ', 112, 8),
(44, 'INGENIERIA-EL PROGRESO', 113, 8),
(45, 'INGENIERIA-LA LIMA', 114, 8),
(46, 'INGENIERIA-CHOLUTECA', 115, 8),
(47, 'INGENIERIA-DANLI', 116, 8),
(48, 'MAESTRIA-COMAYAGUA', 111, 8),
(53, 'FACULTAD INGENIERÍA', 58, 1),
(54, 'FACULTAD LICENCIATURA', 58, 8),
(55, 'MAESTRIA', 58, 8),
(56, 'TECNICO UNIVERSITARIO', 58, 3),
(57, 'INGENIERIA', 57, 1),
(58, 'LICENCIATURA', 57, 10),
(62, 'INGENIERIA', 56, 1),
(63, 'LICENCIATURA', 56, 10),
(64, 'TECNICO UNIVERSITARIO', 56, 3),
(65, 'INGENIERIA', 118, 1),
(66, 'LICENCIATURA', 118, 10),
(67, 'INGENIERIA', 119, 1),
(68, 'LICENCIATURA', 119, 10),
(69, 'MAESTRIA', 119, 9),
(70, 'TECNICO UNIVERSITARIO', 119, 3),
(73, 'INGENIERIA', 120, 1),
(74, 'LICENCIATURA', 120, 10),
(75, 'INGENIERIA', 121, 1),
(76, 'LICENCIATURA', 121, 10),
(77, 'INGENIERIA', 122, 1),
(78, 'LICENCIATURA', 122, 10),
(79, 'INGENIERIA', 123, 1),
(80, 'LICENCIATURA', 123, 10),
(81, 'INGENIERIA', 59, 1),
(82, 'LICENCIATURA', 59, 10),
(83, 'TECNICO UNIVERSITARIO', 59, 3),
(84, 'INGENIERIA', 124, 1),
(85, 'LICENCIATURA', 124, 10),
(86, 'INGENIERIA', 125, 1),
(87, 'LICENCIATURA', 125, 10),
(88, 'INGENIERIA', 61, 1),
(89, 'LICENCIATURA', 61, 10),
(90, 'INGENIERIA', 127, 1),
(91, 'LICENCIATURA', 127, 10),
(92, 'INGENIERIA', 60, 1),
(93, 'LICENCIATURA', 60, 10),
(94, 'TECNICO UNIVERSITARIO', 60, 3),
(95, 'INGENIERIA', 128, 1),
(96, 'LICECIATURA', 128, 10),
(97, 'INGENIERIA', 129, 1),
(98, 'LICENCIATURA', 129, 10),
(99, 'INGENIERIA', 130, 1),
(100, 'LICENCIATURA', 130, 10),
(101, 'TECNICO UNIVERSITARIO', 130, 3),
(102, 'INGENIERIA', 131, 1),
(103, 'LICENCIATURA', 131, 10),
(104, 'INGENIERIA', 55, 1),
(105, 'LICENCIATURA', 55, 10),
(106, 'TECNICO UNIVERSITARIO', 55, 3),
(107, 'INGENIERIA', 132, 1),
(108, 'LICENCIATURA', 132, 10),
(109, 'MAESTRIA', 132, 9),
(110, 'TECNICO UNIVERSITARIO', 132, 3),
(111, 'INGENIERIA', 133, 1),
(112, 'LICENCIATURA', 133, 10),
(113, 'INGENIERIA', 134, 1),
(114, 'LICENCIATURA', 134, 10),
(115, 'TECNICO UNIVERSITARIO', 129, 3),
(116, 'LICENCIATURA', 135, 10),
(117, 'FACULTAD DE CIENCIAS ECONOMICAS Y SOCIALES', 52, 10),
(118, 'FACULTAD DE ARQUITECTURA E INGENIERIAS', 52, 1),
(119, 'CARRERA TECNICO UNIVERSITARIO', 52, 3),
(120, 'SISTEMA DE ESTUDIOS DE POSGRADOS', 52, 9),
(121, 'FACULTAD DE CIENCIAS ECONOMICAS Y SOCIALES', 53, 10),
(122, 'FACULTAD DE ARQUITECTURA E INGENIERIAS', 53, 1),
(123, 'CARRERA TECNICO UNIVERSITARIO', 53, 3),
(124, 'SISTEMA DE ESTUDIOS DE POSGRADOS', 53, 9),
(131, 'FACULTAD DE CIENCIAS ADMINISTRATIVAS Y SOCIALES', 19, 10),
(132, 'FACULTAD DE INGENIERÍAS Y ARQUITECTURA', 19, 1),
(133, 'FACULTAD DE CIENCIAS DE LA SALUD', 19, 7),
(134, 'FACULTAD DE POSTGRADO (MAESTRÍAS)', 19, 9),
(135, 'FACULTAD DE POSTGRADO (DOCTORADO)', 19, 8),
(136, 'TÉCNICOS UNIVERSITARIOS', 19, 3),
(137, 'FACULTAD DE CIENCIAS ADMINISTRATIVAS Y SOCIALES', 18, 10),
(138, 'FACULTAD DE INGENIERÍAS Y ARQUITECTURA', 18, 1),
(139, 'FACULTAD DE CIENCIAS DE LA SALUD', 18, 7),
(140, 'FACULTAD DE POSTGRADO (MAESTRÍA)', 18, 9),
(141, 'FACULTAD DE POSTGRADO (DOCTORADO)', 18, 8),
(142, 'TECNICOS UNIVERSITARIOS', 18, 3),
(143, 'FACULTAD DE CIENCIAS ADMINISTRATIVAS Y SOCIALES', 138, 10),
(144, 'FACULTAD DE INGENIERÍAS Y ARQUITECTURA', 138, 1),
(145, 'FACULTAD DE CIENCIAS DE LA SALUD', 138, 7),
(146, 'FACULTAD DE POSTGRADO (MAESTRÍA)', 138, 9),
(147, 'FACULTAD DE POSTGRADO (DOCTORADO)', 138, 8),
(148, 'TECNICOS UNIVERSITARIOS', 138, 3),
(149, 'FACULTAD DE CIENCIAS ADMINISTRATIVAS Y SOCIALES', 20, 10),
(150, 'FACULTAD DE INGENIERÍAS Y ARQUITECTURA', 20, 1),
(151, 'FACULTAD DE CIENCIAS DE LA SALUD', 20, 7),
(152, 'FACULTAD DE POSTGRADO (MAESTRÍA)', 20, 9),
(153, 'FACULTAD DE POSTGRADO (DOCTORADO)', 20, 8),
(154, 'TECNICOS UNIVERSITARIOS', 20, 3),
(155, 'FACULTAD DE CIENCIAS ADMINISTRATIVAS Y SOCIALES', 21, 10),
(156, 'FACULTAD DE INGENIERÍAS Y ARQUITECTURA', 21, 1),
(157, 'FACULTAD DE CIENCIAS DE LA SALUD', 21, 7),
(158, 'FACULTAD DE POSTGRADO (MAESTRÍA)', 21, 9),
(159, 'FACULTAD DE POSTGRADO (DOCTORADO)', 21, 8),
(160, 'TECNICOS UNIVERSITARIOS', 21, 3),
(161, 'FACULTAD DE CIENCIAS ADMINISTRATIVAS Y SOCIALES', 22, 10),
(162, 'FACULTAD DE INGENIERÍAS Y ARQUITECTURA', 22, 1),
(163, 'FACULTAD DE CIENCIAS DE LA SALUD', 22, 7),
(164, 'FACULTAD DE POSTGRADO (MAESTRÍA)', 22, 9),
(165, 'FACULTAD DE POSTGRADO (DOCTORADO)', 22, 8),
(166, 'TECNICOS UNIVERSITARIOS', 22, 3);

-- --------------------------------------------------------

--
-- Estructura de tabla para la tabla `ficha_documentos`
--

CREATE TABLE `ficha_documentos` (
  ` id` int(11) NOT NULL,
  `url` varchar(45) DEFAULT NULL,
  `created_at` timestamp NULL DEFAULT NULL,
  `updated_at` timestamp NULL DEFAULT NULL,
  `datos_personales_id` int(11) NOT NULL
) ENGINE=InnoDB DEFAULT CHARSET=latin1;

-- --------------------------------------------------------

--
-- Estructura de tabla para la tabla `genero`
--

CREATE TABLE `genero` (
  `id_genero` int(11) NOT NULL,
  `genero` varchar(100) NOT NULL
) ENGINE=InnoDB DEFAULT CHARSET=utf8;

--
-- Volcado de datos para la tabla `genero`
--

INSERT INTO `genero` (`id_genero`, `genero`) VALUES
(1, 'Masculino'),
(2, 'Femenino');

-- --------------------------------------------------------

--
-- Estructura de tabla para la tabla `grupo_becarios`
--

CREATE TABLE `grupo_becarios` (
  `id_grupo_becarios` int(11) NOT NULL,
  `nombre` varchar(45) NOT NULL,
  `id_embajador` int(11) NOT NULL,
  `id_guia` int(11) NOT NULL,
  `grupo_becarioscol` varchar(45) DEFAULT NULL,
  `id_tipo_grupo` int(11) NOT NULL,
  `id_casa` int(11) DEFAULT NULL
) ENGINE=InnoDB DEFAULT CHARSET=latin1;

-- --------------------------------------------------------

--
-- Estructura de tabla para la tabla `grupo_becarios_has_users`
--

CREATE TABLE `grupo_becarios_has_users` (
  `grupo_becarios_id_grupo_becarios` int(11) NOT NULL,
  `users_id_users` int(11) NOT NULL,
  `tipo_accion_id` int(11) NOT NULL,
  `created_at` timestamp NOT NULL DEFAULT CURRENT_TIMESTAMP ON UPDATE CURRENT_TIMESTAMP
) ENGINE=InnoDB DEFAULT CHARSET=latin1;

-- --------------------------------------------------------

--
-- Estructura de tabla para la tabla `historial_sesiones`
--

CREATE TABLE `historial_sesiones` (
  `id` int(11) NOT NULL,
  `created_at` timestamp NULL DEFAULT NULL,
  `updated_at` timestamp NULL DEFAULT NULL,
  `users_id` int(11) NOT NULL
) ENGINE=InnoDB DEFAULT CHARSET=latin1;

--
-- Volcado de datos para la tabla `historial_sesiones`
--

INSERT INTO `historial_sesiones` (`id`, `created_at`, `updated_at`, `users_id`) VALUES
(1, '2018-11-21 16:26:59', '2018-11-21 16:26:59', 4),
(2, '2018-11-22 14:33:17', '2018-11-22 14:33:17', 4),
(3, '2018-11-22 20:49:14', '2018-11-22 20:49:14', 4),
(4, '2018-11-22 21:43:49', '2018-11-22 21:43:49', 4),
(5, '2018-11-22 22:14:35', '2018-11-22 22:14:35', 13),
(6, '2018-11-22 22:17:09', '2018-11-22 22:17:09', 13),
(7, '2018-11-23 13:33:09', '2018-11-23 13:33:09', 4),
(8, '2018-11-23 17:05:54', '2018-11-23 17:05:54', 4),
(9, '2018-11-23 17:11:19', '2018-11-23 17:11:19', 9),
(10, '2018-11-26 14:10:02', '2018-11-26 14:10:02', 4),
(11, '2018-11-26 16:01:04', '2018-11-26 16:01:04', 9),
(12, '2018-11-26 16:21:05', '2018-11-26 16:21:05', 9),
(13, '2019-07-26 16:31:41', '2019-07-26 16:31:41', 4),
(14, '2019-07-26 16:32:47', '2019-07-26 16:32:47', 9),
(15, '2019-07-26 16:46:57', '2019-07-26 16:46:57', 9),
(16, '2018-11-26 17:04:29', '2018-11-26 17:04:29', 4),
(17, '2018-11-26 19:52:29', '2018-11-26 19:52:29', 13),
(18, '2018-11-27 13:57:50', '2018-11-27 13:57:50', 4),
(19, '2018-11-27 14:02:08', '2018-11-27 14:02:08', 9),
(20, '2018-11-27 16:42:12', '2018-11-27 16:42:12', 9),
(21, '2018-11-28 14:50:46', '2018-11-28 14:50:46', 4),
(22, '2018-11-28 15:43:39', '2018-11-28 15:43:39', 4);

-- --------------------------------------------------------

--
-- Estructura de tabla para la tabla `indicadores`
--

CREATE TABLE `indicadores` (
  `id_indicadores` int(11) NOT NULL,
  `descripcion` varchar(800) NOT NULL,
  `fecha_creacion` date DEFAULT NULL,
  `id_actividades` int(11) NOT NULL
) ENGINE=InnoDB DEFAULT CHARSET=latin1;

-- --------------------------------------------------------

--
-- Estructura de tabla para la tabla `migrations`
--

CREATE TABLE `migrations` (
  `id_migrations` int(11) NOT NULL,
  `migration` varchar(255) DEFAULT NULL,
  `batch` int(11) DEFAULT NULL
) ENGINE=InnoDB DEFAULT CHARSET=latin1;

-- --------------------------------------------------------

--
-- Estructura de tabla para la tabla `municipio`
--

CREATE TABLE `municipio` (
  `id_municipio` int(11) NOT NULL,
  `municipio` varchar(200) NOT NULL,
  `id_depto` int(11) NOT NULL
) ENGINE=InnoDB DEFAULT CHARSET=utf8;

--
-- Volcado de datos para la tabla `municipio`
--

INSERT INTO `municipio` (`id_municipio`, `municipio`, `id_depto`) VALUES
(1, 'La Ceiba', 1),
(2, 'Arizona', 1),
(3, 'El Porvenir', 1),
(4, 'Esparta', 1),
(5, 'Jutiapa', 1),
(6, 'La Masica', 1),
(7, 'San Francisco', 1),
(8, 'Tela', 1),
(9, 'Choluteca', 2),
(10, 'Apacilagua', 2),
(11, 'Concepción de María', 2),
(12, 'Duyure', 2),
(13, 'El Corpus', 2),
(14, 'El Triunfo', 2),
(15, 'Marcovia', 2),
(16, 'Morolica', 2),
(17, 'Namasigüe', 2),
(18, 'Orocuina', 2),
(19, 'Pespire', 2),
(20, 'San Antonio de Flores', 2),
(21, 'San Isidro', 2),
(22, 'San José', 2),
(23, 'San Marcos de Colón', 2),
(24, 'Santa Ana de Yusguare', 2),
(25, 'Trujillo', 2),
(26, 'Balfate', 3),
(27, 'Bonito Oriental', 3),
(28, 'Iriona', 3),
(29, 'Limón', 3),
(30, 'Sabá', 3),
(31, 'Santa Fe', 3),
(32, 'Santa Rosa de Aguán', 3),
(33, 'Sonaguera', 3),
(34, 'Tocoa', 3),
(35, 'Comayagua', 4),
(36, 'Ajuterique', 4),
(37, 'El Rosario', 4),
(38, 'Esquías', 4),
(39, 'Humuya', 4),
(40, 'La Libertad', 4),
(41, 'Lamaní', 4),
(42, 'La Trinidad', 4),
(43, 'Las Lajas', 4),
(44, 'Lejamaní', 4),
(45, 'Meámbar', 4),
(46, 'Minas de Oro', 4),
(47, 'Ojos de Agua', 4),
(48, 'San Jerónimo', 4),
(49, 'San José de Comayagua', 4),
(50, 'San José del Potrero', 4),
(51, 'San Luis', 4),
(52, 'San Sebastián', 4),
(53, 'Siguatepeque', 4),
(54, 'Villa de San Antonio', 4),
(55, 'Taulabé', 4),
(56, 'Santa Rosa de Copán', 5),
(57, 'Cabañas', 5),
(58, 'Concepción', 5),
(59, 'Copán Ruinas', 5),
(60, 'Corquín', 5),
(61, 'Cucuyagua', 5),
(62, 'Dolores', 5),
(63, 'Dulce Nombre', 5),
(64, 'El Paraíso', 5),
(65, 'Florida', 5),
(67, 'La Jigua', 5),
(68, 'La Unión', 5),
(69, 'Nueva Arcadia', 5),
(70, 'San Agustín', 5),
(71, 'San Antonio', 5),
(72, 'San Jerónimo', 5),
(73, 'San José', 5),
(74, 'San Juan de Opoa', 5),
(75, 'San Nicolás', 5),
(76, 'San Pedro', 5),
(77, 'Santa Rita', 5),
(78, 'Trinidad de Copán', 5),
(79, 'Veracruz', 5),
(80, 'San Pedro Sula', 6),
(81, 'Choloma', 6),
(82, 'La Lima', 6),
(83, 'Omoa', 6),
(84, 'Pimienta', 6),
(85, 'Potrerillos', 6),
(86, 'Puerto Cortés', 6),
(87, 'San Antonio de Cortés', 6),
(88, 'San Francisco de Yojoa', 6),
(89, 'San Manuel', 6),
(90, 'Santa Cruz de Yojoa', 6),
(91, 'Villanueva', 6),
(92, 'Yuscarán', 7),
(93, 'Alauca', 7),
(94, 'Danlí', 7),
(95, 'El Paraíso', 7),
(96, 'Güinope', 7),
(97, 'Jacaleapa', 7),
(98, 'Liure', 7),
(99, 'Morocelí', 7),
(100, 'Oropolí', 7),
(101, 'Potrerillos', 7),
(102, 'San Antonio de Flores', 7),
(103, 'San Lucas', 7),
(104, 'San Matías', 7),
(105, 'Soledad', 7),
(106, 'Teupasenti', 7),
(107, 'Texiguat', 7),
(108, 'Trojes', 7),
(109, 'Vado Ancho', 7),
(110, 'Yauyupe', 7),
(111, 'Distrito Central (Tegucigalpa)', 8),
(112, 'Alubarén', 8),
(113, 'Cedros', 8),
(114, 'Curarén', 8),
(115, 'El Porvenir', 8),
(116, 'Guaimaca', 8),
(117, 'La Libertad', 8),
(118, 'La Venta', 8),
(119, 'Lepaterique', 8),
(120, 'Maraita', 8),
(121, 'Marale', 8),
(122, 'Nueva Armenia', 8),
(123, 'Ojojona', 8),
(124, 'Orica', 8),
(125, 'Reitoca', 8),
(126, 'Sabanagrande', 8),
(127, 'San Antonio de Oriente', 8),
(128, 'San Buenaventura', 8),
(129, 'San Ignacio', 8),
(130, 'San Juan de Flores', 8),
(131, 'San Miguelito', 8),
(132, 'Santa Ana', 8),
(133, 'Santa Lucía', 8),
(134, 'Talanga', 8),
(135, 'Tatumbla', 8),
(136, 'Valle de Ángeles', 8),
(137, 'Vallecillo', 8),
(138, 'Villa de San Francisco', 8),
(139, 'Puerto Lempira', 9),
(140, 'Brus Laguna', 9),
(141, 'Ahuas', 9),
(142, 'Juan Francisco Bulnes', 9),
(143, 'Villeda Morales', 9),
(144, 'Wampusirpi', 9),
(145, 'La Esperanza', 10),
(146, 'Camasca', 10),
(147, 'Colomoncagua', 10),
(148, 'Concepción', 10),
(149, 'Dolores', 10),
(150, 'Intibucá', 10),
(151, 'Jesús de Otoro', 10),
(152, 'Magdalena', 10),
(153, 'Masaguara', 10),
(154, 'San Antonio', 10),
(155, 'San Francisco de Opalaca', 10),
(156, 'San Isidro', 10),
(157, 'San Juan', 10),
(158, 'San Marcos de La Sierra', 10),
(159, 'San Miguelito', 10),
(160, 'Santa Lucía', 10),
(161, 'Yamaranguila', 10),
(162, 'Roatán', 11),
(163, 'Guanaja', 11),
(164, 'José Santos Guardiola', 11),
(165, 'Utila', 11),
(166, 'La Paz', 12),
(167, 'Aguantequerique', 12),
(168, 'Cabañas', 12),
(169, 'Cane', 12),
(170, 'Chinacla', 12),
(171, 'Guajíquiro', 12),
(172, 'Lauterique', 12),
(173, 'Marcala', 12),
(174, 'Mercedes de Oriente', 12),
(175, 'Opatoro', 12),
(176, 'San Antonio del Norte', 12),
(177, 'San José', 12),
(178, 'San Juan', 12),
(179, 'San Pedro de Tutule', 12),
(180, 'Santa Ana', 12),
(181, 'Santa Elena', 12),
(182, 'Santa María', 12),
(183, 'Santiago de Puringla', 12),
(184, 'Yarula', 12),
(185, 'Gracias', 13),
(186, 'Belén', 13),
(187, 'Candelaria', 13),
(188, 'Cololaca', 13),
(189, 'Erandique', 13),
(190, 'Gualcince', 13),
(191, 'Guarita', 13),
(192, 'La Campa', 13),
(193, 'La Iguala', 13),
(194, 'La Unión', 13),
(195, 'La Virtud', 13),
(196, 'Las Flores', 13),
(197, 'Lepaera', 13),
(198, 'Mapulaca', 13),
(199, 'Piraera', 13),
(200, 'San Andrés', 13),
(201, 'San Francisco', 13),
(202, 'San Juan Guarita', 13),
(203, 'San Manuel Colohete', 13),
(204, 'San Marcos de Caiquín', 13),
(205, 'San Rafael', 13),
(206, 'San Sebastián', 13),
(207, 'Santa Cruz', 13),
(208, 'Talgua', 13),
(209, 'Tambla', 13),
(210, 'Tomalá', 13),
(211, 'Valladolid', 13),
(212, 'Virginia', 13),
(213, 'Ocotepeque', 14),
(214, 'Belén Gualcho', 14),
(215, 'Concepción', 14),
(216, 'Dolores Merendón', 14),
(217, 'Fraternidad', 14),
(218, 'La Encarnación', 14),
(219, 'La Labor', 14),
(220, 'Lucerna', 14),
(221, 'Mercedes', 14),
(222, 'San Fernando', 14),
(223, 'San Francisco del Valle', 14),
(224, 'San Jorge', 14),
(225, 'San Marcos', 14),
(226, 'Santa Fe', 14),
(227, 'Sensenti', 14),
(228, 'Sinuapa', 14),
(229, 'Juticalpa', 15),
(230, 'Campamento', 15),
(231, 'Catacamas', 15),
(232, 'Concordia', 15),
(233, 'Dulce Nombre de Culmí', 15),
(234, 'El Rosario', 15),
(235, 'Esquipulas del Norte', 15),
(236, 'Gualaco', 15),
(237, 'Guarizama', 15),
(238, 'Guata', 15),
(239, 'Guayape', 15),
(240, 'Jano', 15),
(241, 'La Unión', 15),
(242, 'Manguilile', 15),
(243, 'Manto', 15),
(244, 'Patuca', 15),
(245, 'Salama', 15),
(246, 'San Esteban', 15),
(247, 'San Francisco de Becerra', 15),
(248, 'Santa María del Real', 15),
(249, 'Silca', 15),
(250, '', 15),
(251, 'Yocón', 15),
(252, 'Santa Bárbara', 16),
(253, 'Arada', 16),
(254, 'Atima', 16),
(255, 'Azacualpa', 16),
(256, 'Ceguaca', 16),
(257, 'Chinda', 16),
(258, 'Concepción del Norte', 16),
(259, 'Concepción del Sur', 16),
(260, 'El Níspero', 16),
(261, 'Gualala', 16),
(262, 'Ilama', 16),
(263, 'Las Vegas', 16),
(264, 'Macuelizo', 16),
(265, 'Naranjito', 16),
(266, 'Nueva Frontera', 16),
(267, 'Nuevo Celilac', 16),
(268, 'Petoa', 16),
(269, 'Protección', 16),
(270, 'Quimistán', 16),
(271, 'San Francisco de Ojuera', 16),
(272, 'San José de Colinas', 16),
(273, 'San Luis', 16),
(274, 'San Marcos', 16),
(275, 'San Nicolás', 16),
(276, 'San Pedro Zacapa', 16),
(277, 'San Vicente Centenario', 16),
(278, 'Santa Rita', 16),
(279, 'Trinidad', 16),
(280, 'Nacaome', 17),
(281, 'Alianza', 17),
(282, 'Amapala', 17),
(283, 'Aramecina', 17),
(284, 'Caridad', 17),
(285, 'Goascorán', 17),
(286, 'Langue', 17),
(287, 'San Francisco de Coray', 17),
(288, 'San Lorenzo', 17),
(289, 'Yoro', 18),
(290, 'Arenal', 18),
(291, 'El Negrito', 18),
(292, 'El Progreso', 18),
(293, 'Jocón', 18),
(294, 'Morazán', 18),
(295, 'Olanchito', 18),
(296, 'Santa Rita', 18),
(297, 'Sulaco', 18),
(298, 'Victoria', 18),
(299, 'Yorito', 18);

-- --------------------------------------------------------

--
-- Estructura de tabla para la tabla `nombre_complementaria`
--

CREATE TABLE `nombre_complementaria` (
  `id` int(11) NOT NULL,
  `users_id` int(11) NOT NULL,
  `nombre` varchar(45) DEFAULT NULL,
  `fecha` date DEFAULT NULL,
  `created_at` timestamp NULL DEFAULT NULL,
  `updated_at` timestamp NULL DEFAULT NULL,
  `estado` enum('Activo','Desactivo') DEFAULT 'Activo'
) ENGINE=InnoDB DEFAULT CHARSET=latin1;

--
-- Volcado de datos para la tabla `nombre_complementaria`
--

INSERT INTO `nombre_complementaria` (`id`, `users_id`, `nombre`, `fecha`, `created_at`, `updated_at`, `estado`) VALUES
(11, 4, 'noviembre  #12', '2018-11-01', '2018-11-16 13:48:27', '2018-11-16 13:48:27', 'Activo'),
(12, 4, 'noveimbre  #13', '2018-11-01', '2018-11-16 14:00:31', '2018-11-16 14:00:31', 'Activo'),
(13, 4, 'Diciembre  #14', '2018-12-01', '2018-11-16 14:05:09', '2018-11-16 14:05:09', 'Activo'),
(14, 4, 'DICIEMBRE', '2018-12-01', '2018-11-16 15:41:44', '2018-11-16 15:41:44', 'Activo'),
(15, 4, 'SEPTIEMBRE', '2018-09-01', '2018-11-16 16:32:07', '2018-11-16 16:32:07', 'Activo'),
(16, 8, 'noviembre33', '2018-11-01', '2018-11-16 21:49:04', '2018-11-16 21:49:04', 'Activo'),
(17, 9, 'Complementaria #1 FM Agosto', '2018-08-01', '2018-11-16 22:05:00', '2018-11-20 15:51:00', 'Desactivo'),
(18, 9, 'Complementaria #1 FM agosto', '2018-08-01', '2018-11-16 22:05:28', '2018-11-26 19:26:47', 'Desactivo'),
(19, 4, 'complementaria junio 2018', '2018-06-01', '2018-11-20 15:38:00', '2018-11-26 19:27:37', 'Desactivo'),
(20, 9, 'Complementaria #1 Atlantida Agosto', '2018-08-01', '2018-11-26 20:36:18', '2018-11-26 20:37:36', 'Desactivo');

-- --------------------------------------------------------

--
-- Estructura de tabla para la tabla `pagos`
--

CREATE TABLE `pagos` (
  `id_pagos` int(11) NOT NULL,
  `mes` varchar(100) DEFAULT NULL,
  `fecha_pago` datetime DEFAULT NULL,
  `observacion` varchar(300) DEFAULT NULL,
  `id_tipo_pago` int(11) NOT NULL,
  `id_estado_pago` int(11) NOT NULL,
  `id_datos_personales` int(11) NOT NULL
) ENGINE=InnoDB DEFAULT CHARSET=latin1;

-- --------------------------------------------------------

--
-- Estructura de tabla para la tabla `pagos_has_users`
--

CREATE TABLE `pagos_has_users` (
  `id_pagos` int(11) NOT NULL,
  `id_users` int(11) NOT NULL,
  `tipo_accion_id` int(11) NOT NULL,
  `created_at` timestamp NOT NULL DEFAULT CURRENT_TIMESTAMP ON UPDATE CURRENT_TIMESTAMP
) ENGINE=InnoDB DEFAULT CHARSET=latin1;

-- --------------------------------------------------------

--
-- Estructura de tabla para la tabla `pagos_meses_universidad`
--

CREATE TABLE `pagos_meses_universidad` (
  `id` int(11) NOT NULL,
  `01` varchar(45) DEFAULT NULL,
  `02` varchar(45) DEFAULT NULL,
  `03` varchar(45) DEFAULT NULL,
  `04` varchar(45) DEFAULT NULL,
  `05` varchar(45) DEFAULT NULL,
  `06` varchar(45) DEFAULT NULL,
  `07` varchar(45) DEFAULT NULL,
  `08` varchar(45) DEFAULT NULL,
  `09` varchar(45) DEFAULT NULL,
  `10` varchar(45) DEFAULT NULL,
  `11` varchar(45) DEFAULT NULL,
  `12` varchar(45) DEFAULT NULL,
  `created_at` timestamp NULL DEFAULT NULL,
  `updated_at` timestamp NULL DEFAULT NULL,
  `universidad_id` int(11) NOT NULL
) ENGINE=InnoDB DEFAULT CHARSET=latin1;

--
-- Volcado de datos para la tabla `pagos_meses_universidad`
--

INSERT INTO `pagos_meses_universidad` (`id`, `01`, `02`, `03`, `04`, `05`, `06`, `07`, `08`, `09`, `10`, `11`, `12`, `created_at`, `updated_at`, `universidad_id`) VALUES
(1, 'NO', 'SI', 'SI', 'SI', 'AMBOS PERIODO', 'SI', 'SI', 'SI', 'SI', 'AMBOS PERIODO', 'SI', 'SI', '2018-10-30 20:35:34', '2018-11-28 16:25:19', 1),
(2, 'SI', 'SI', 'NO', 'SI', 'SI', 'AMBOS PERIODO', 'SI', 'SI', 'SI', 'SI', 'SI', 'SI', '2018-10-30 21:51:42', '2018-11-19 20:23:17', 2),
(3, 'SI', 'SI', 'SI', 'SI', 'SI', 'AMBOS PERIODO', 'SI', 'SI', 'NO', 'SI', 'SI', 'SI', '2018-11-07 20:07:32', '2018-11-28 15:13:47', 4),
(4, 'NO', 'SI', 'SI', 'SI', 'AMBOS PERIODO', 'SI', 'SI', 'SI', 'SI', 'AMBOS PERIODO', 'SI', 'SI', '2018-11-19 20:19:30', '2018-11-19 20:59:44', 10),
(5, 'SI', 'SI', 'SI', 'AMBOS PERIODO', 'SI', 'SI', 'SI', 'SI', 'AMBOS PERIODO', 'SI', 'SI', 'SI', '2018-11-19 20:33:09', '2018-11-19 20:36:41', 9),
(6, 'SI', 'SI', 'SI', 'AMBOS PERIODO', 'SI', 'SI', 'SI', 'SI', 'SI', 'SI', 'SI', 'NO', '2018-11-19 20:37:32', '2018-11-19 20:37:59', 7),
(7, 'NO', 'SI', 'SI', 'SI', 'AMBOS PERIODO', 'SI', 'SI', NULL, 'AMBOS PERIODO', 'SI', 'SI', 'NO', '2018-11-19 20:56:27', '2018-11-19 20:56:27', 8),
(8, 'NO', 'SI', 'SI', 'AMBOS PERIODO', 'SI', 'SI', 'AMBOS PERIODO', 'SI', 'SI', 'AMBOS PERIODO', 'SI', 'SI', '2018-11-22 00:02:07', '2018-11-28 16:21:58', 6),
(9, 'NO', 'SI', 'SI', 'SI', 'SI', 'SI', 'SI', NULL, 'SI', 'SI', 'SI', 'SI', '2018-11-22 22:21:16', '2018-11-22 22:21:16', 5),
(10, 'SI', 'SI', 'SI', 'SI', 'SI', 'SI', 'SI', NULL, 'SI', 'SI', 'SI', 'SI', '2018-11-26 19:17:46', '2018-11-26 19:17:46', 3),
(11, 'SI', 'SI', 'SI', 'SI', 'SI', 'SI', 'SI', NULL, 'SI', 'SI', 'SI', 'SI', '2018-11-26 19:19:40', '2018-11-26 19:19:40', 11),
(12, 'SI', 'NO', 'NO', 'SI', 'AMBOS PERIODO', 'SI', 'SI', 'SI', 'SI', 'AMBOS PERIODO', 'NO', 'NO', '2018-11-26 19:58:43', '2018-11-26 19:59:12', 15),
(13, 'SI', 'SI', 'NO', 'SI', 'SI', 'NO', 'NO', NULL, 'NO', 'SI', 'NO', 'AMBOS PERIODO', '2018-11-26 20:00:05', '2018-11-26 20:00:05', 14),
(14, 'AMBOS PERIODO', 'AMBOS PERIODO', 'AMBOS PERIODO', 'AMBOS PERIODO', 'AMBOS PERIODO', 'AMBOS PERIODO', 'AMBOS PERIODO', 'AMBOS PERIODO', 'AMBOS PERIODO', 'AMBOS PERIODO', 'AMBOS PERIODO', 'AMBOS PERIODO', '2018-11-26 20:02:52', '2018-11-26 20:03:42', 12);

-- --------------------------------------------------------

--
-- Estructura de tabla para la tabla `password_resets`
--

CREATE TABLE `password_resets` (
  `email` varchar(250) DEFAULT NULL,
  `token` varchar(255) DEFAULT NULL,
  `created_at` timestamp NULL DEFAULT NULL
) ENGINE=InnoDB DEFAULT CHARSET=latin1;

--
-- Volcado de datos para la tabla `password_resets`
--

INSERT INTO `password_resets` (`email`, `token`, `created_at`) VALUES
('selvin.morazan@becashonduras2020.gob.hn', '$2y$10$U8wxlMopMVsN.eCJ96ufCO1s7rZLpsE5lPemjhiUeJ38SaW0HNSyy', '2018-11-02 17:55:51'),
('Jenny.madrid@becashonduras2020.gob.hn', '$2y$10$eytyOnIigc7MR1i/.HeRfevIzb.BnyFwWIAhf9OvnOdpB.wdJvgFm', '2018-11-02 20:53:19'),
('selvinmorazan@gmail.com', '$2y$10$pmsaQflkmI0HLvsXstcjd.0SSD8hJIFuVf2HrGWG/bFMwgLM0M6e2', '2018-11-15 16:44:06'),
('oscarnelson18@gmail.com', '$2y$10$UgU9fz3Dk1INRKpjtupjfOJlbHR999Jul5YH3SuulkGDlM66qW7Ly', '2018-11-15 16:55:41');

-- --------------------------------------------------------

--
-- Estructura de tabla para la tabla `periodo_universidad`
--

CREATE TABLE `periodo_universidad` (
  `id` int(11) NOT NULL,
  `nombre` varchar(45) DEFAULT NULL,
  `universidad_id` int(11) NOT NULL
) ENGINE=InnoDB DEFAULT CHARSET=latin1;

--
-- Volcado de datos para la tabla `periodo_universidad`
--

INSERT INTO `periodo_universidad` (`id`, `nombre`, `universidad_id`) VALUES
(1, 'I Periodo', 1),
(2, 'II Periodo', 1),
(3, 'III Periodo', 1),
(4, 'I Periodo', 2),
(5, 'II Periodo', 2),
(6, 'III Periodo', 2),
(7, 'IV Periodo', 2),
(8, 'I Periodo', 3),
(9, 'II Periodo', 3),
(10, 'III Periodo', 3),
(11, 'I Periodo', 4),
(12, 'II Periodo', 4),
(13, 'III Periodo', 4),
(14, 'IV Periodo', 4),
(15, 'I Periodo', 5),
(16, 'II Periodo', 5),
(17, 'III Periodo', 5),
(18, 'I Periodo', 6),
(19, 'II Periodo', 6),
(20, 'III Periodo', 6),
(21, 'IV Periodo', 6),
(22, 'I Periodo', 7),
(23, 'II Periodo', 7),
(24, 'III Periodo', 7),
(25, 'I Periodo', 8),
(26, 'II Periodo', 8),
(27, 'III Periodo', 8),
(28, 'I Periodo', 9),
(29, 'II Periodo', 9),
(30, 'III Periodo', 9),
(31, 'I Periodo', 10),
(32, 'II Periodo', 10),
(33, 'III Periodo', 10),
(34, 'I Periodo', 11),
(35, 'II Periodo', 11),
(36, 'III Periodo', 11),
(37, 'IV Periodo', 11),
(38, 'I Periodo', 12),
(39, 'II Periodo', 12),
(40, 'III Periodo', 12),
(41, 'I Periodo', 13),
(42, 'II Periodo', 13),
(43, 'III Periodo', 13),
(44, 'I Periodo', 14),
(45, 'II Periodo', 14),
(46, 'III Periodo', 14),
(47, 'I Periodo', 15),
(48, 'II Periodo', 15),
(49, 'III Periodo', 15),
(50, 'I Periodo', 17),
(51, 'II Periodo', 17),
(52, 'III Periodo', 17),
(53, 'I Periodo', 18),
(54, 'II Periodo', 18),
(55, 'III Periodo', 18),
(56, 'IV Periodo', 18),
(57, 'I Periodo', 16),
(58, 'II Periodo', 16),
(59, 'III Periodo', 16),
(60, 'I Periodo', 19),
(61, 'II Periodo', 19),
(62, 'III Periodo', 19),
(63, 'I Periodo', 20),
(64, 'II Periodo', 20),
(65, 'III Periodo', 20);

-- --------------------------------------------------------

--
-- Estructura de tabla para la tabla `persona_dependiente`
--

CREATE TABLE `persona_dependiente` (
  `id` int(11) NOT NULL,
  `id_datos_personales` int(11) NOT NULL,
  `identidad` varchar(13) DEFAULT NULL,
  `nombre_completo` varchar(50) DEFAULT NULL,
  `email` varchar(250) DEFAULT NULL,
  `celular` varchar(15) DEFAULT NULL,
  `parentesco` varchar(45) DEFAULT NULL,
  `created_at` timestamp NULL DEFAULT NULL,
  `updated_at` timestamp NULL DEFAULT NULL
) ENGINE=InnoDB DEFAULT CHARSET=utf8;

--
-- Volcado de datos para la tabla `persona_dependiente`
--

INSERT INTO `persona_dependiente` (`id`, `id_datos_personales`, `identidad`, `nombre_completo`, `email`, `celular`, `parentesco`, `created_at`, `updated_at`) VALUES
(15, 30, '0807199200130', 'Francisco Dias', NULL, '94511665', 'Cuñado(a)', '2018-11-01 14:31:45', '2018-11-01 21:02:03'),
(16, 41, '4545555555555', 'ariel morazan', NULL, '74444444', 'Hermano(a)', '2018-11-05 20:45:14', '2018-11-05 20:45:14'),
(17, 45, '4545555555555', 'Roxana lizzeth', NULL, '25545898', 'Madre', '2018-11-21 22:54:14', '2018-11-21 22:54:14'),
(18, 46, '0801199115026', 'Abuelo', NULL, '22222687', 'Primo(a)', '2018-11-26 22:01:07', '2018-11-26 22:01:07'),
(19, 47, '0801199540025', 'Juan Loera', NULL, '81465166', 'Padre', '2018-11-27 15:40:43', '2018-11-27 15:40:43');

-- --------------------------------------------------------

--
-- Estructura de tabla para la tabla `per_act`
--

CREATE TABLE `per_act` (
  `id_per_act` int(11) NOT NULL,
  `Fecha` date DEFAULT NULL,
  `actividades_id_actividades` int(11) NOT NULL,
  `id_datos_personales` int(11) NOT NULL
) ENGINE=InnoDB DEFAULT CHARSET=latin1;

-- --------------------------------------------------------

--
-- Estructura de tabla para la tabla `per_com`
--

CREATE TABLE `per_com` (
  `id_per_com` int(11) NOT NULL,
  `id_datos_personales` int(11) NOT NULL,
  `id_cpolitico` int(11) NOT NULL,
  `fecha` date DEFAULT NULL
) ENGINE=InnoDB DEFAULT CHARSET=latin1;

-- --------------------------------------------------------

--
-- Estructura de tabla para la tabla `planilla_complementaria`
--

CREATE TABLE `planilla_complementaria` (
  `id` int(11) NOT NULL,
  `datos_personales_id` int(11) NOT NULL,
  `users_id` int(11) NOT NULL,
  `created_at` timestamp NULL DEFAULT NULL,
  `updated_at` timestamp NULL DEFAULT NULL,
  `observacion` varchar(250) DEFAULT NULL,
  `fecha` date DEFAULT NULL,
  `nombre_complementaria_id` int(11) NOT NULL
) ENGINE=InnoDB DEFAULT CHARSET=latin1;

-- --------------------------------------------------------

--
-- Estructura de tabla para la tabla `poa`
--

CREATE TABLE `poa` (
  `id_poa` int(11) NOT NULL,
  `objetivo_g` varchar(200) NOT NULL,
  `objetivo_desarrollo` varchar(200) NOT NULL,
  `objetivo_especifico` varchar(1000) NOT NULL,
  `resultados_produc` varchar(200) DEFAULT NULL,
  `responsable` varchar(200) DEFAULT NULL,
  `asocio` varchar(200) DEFAULT NULL,
  `recursos_necesarios` varchar(200) DEFAULT NULL,
  `prespuesto` bigint(20) DEFAULT NULL,
  `fecha_implementacio` varchar(800) DEFAULT NULL,
  `supuestos` varchar(1000) DEFAULT NULL
) ENGINE=InnoDB DEFAULT CHARSET=latin1;

-- --------------------------------------------------------

--
-- Estructura de tabla para la tabla `practica`
--

CREATE TABLE `practica` (
  `id` int(11) NOT NULL,
  `datos_personales_id` int(11) NOT NULL,
  `nombre` varchar(45) DEFAULT NULL,
  `url` varchar(250) DEFAULT NULL,
  `inicio` timestamp NULL DEFAULT NULL,
  `final` timestamp NULL DEFAULT NULL,
  `estado` enum('Activo','Inactivo') DEFAULT NULL,
  `created_at` timestamp NULL DEFAULT NULL,
  `updated_at` timestamp NULL DEFAULT NULL
) ENGINE=InnoDB DEFAULT CHARSET=latin1;

-- --------------------------------------------------------

--
-- Estructura de tabla para la tabla `retenido`
--

CREATE TABLE `retenido` (
  `id` int(11) NOT NULL,
  `id_datos_personales` int(11) NOT NULL,
  `descripcion` varchar(300) NOT NULL,
  `inicio` date NOT NULL,
  `final` date NOT NULL,
  `created_at` timestamp NULL DEFAULT NULL,
  `updated_at` timestamp NULL DEFAULT NULL
) ENGINE=InnoDB DEFAULT CHARSET=latin1;

-- --------------------------------------------------------

--
-- Estructura de tabla para la tabla `retenido_has_users`
--

CREATE TABLE `retenido_has_users` (
  `id` int(11) NOT NULL,
  `id_retenido` int(11) NOT NULL,
  `id_users` int(11) NOT NULL,
  `tipo_accion_id` int(11) NOT NULL,
  `created_at` timestamp NULL DEFAULT NULL,
  `updated_at` timestamp NULL DEFAULT NULL
) ENGINE=InnoDB DEFAULT CHARSET=latin1;

-- --------------------------------------------------------

--
-- Estructura de tabla para la tabla `tipo_accion`
--

CREATE TABLE `tipo_accion` (
  `id` int(11) NOT NULL,
  `nombre` varchar(45) NOT NULL,
  `color_id` int(11) DEFAULT NULL
) ENGINE=InnoDB DEFAULT CHARSET=latin1;

-- --------------------------------------------------------

--
-- Estructura de tabla para la tabla `tipo_actualizacion`
--

CREATE TABLE `tipo_actualizacion` (
  `id` int(11) NOT NULL,
  `nombre` varchar(100) NOT NULL,
  `descripcion` varchar(225) DEFAULT NULL
) ENGINE=InnoDB DEFAULT CHARSET=latin1;

-- --------------------------------------------------------

--
-- Estructura de tabla para la tabla `tipo_cargo`
--

CREATE TABLE `tipo_cargo` (
  `id_cargo` int(11) NOT NULL,
  `nombre_cargo` varchar(200) NOT NULL,
  `monto` int(11) NOT NULL
) ENGINE=InnoDB DEFAULT CHARSET=latin1;

-- --------------------------------------------------------

--
-- Estructura de tabla para la tabla `tipo_cargo_has_users`
--

CREATE TABLE `tipo_cargo_has_users` (
  `tipo_cargo_id_cargo` int(11) NOT NULL,
  `users_id_users` int(11) NOT NULL,
  `tipo_accion_id` int(11) NOT NULL,
  `created_at` timestamp NOT NULL DEFAULT CURRENT_TIMESTAMP ON UPDATE CURRENT_TIMESTAMP
) ENGINE=InnoDB DEFAULT CHARSET=latin1;

-- --------------------------------------------------------

--
-- Estructura de tabla para la tabla `tipo_casas`
--

CREATE TABLE `tipo_casas` (
  `id_casa` int(11) NOT NULL,
  `nombre_casa` varchar(45) DEFAULT NULL,
  `url_foto` varchar(400) DEFAULT NULL
) ENGINE=InnoDB DEFAULT CHARSET=latin1;

-- --------------------------------------------------------

--
-- Estructura de tabla para la tabla `tipo_casas_has_users`
--

CREATE TABLE `tipo_casas_has_users` (
  `tipo_casas_id_casa` int(11) NOT NULL,
  `users_id_users` int(11) NOT NULL,
  `tipo_accion_id` int(11) NOT NULL,
  `created_at` timestamp NOT NULL DEFAULT CURRENT_TIMESTAMP ON UPDATE CURRENT_TIMESTAMP
) ENGINE=InnoDB DEFAULT CHARSET=latin1;

-- --------------------------------------------------------

--
-- Estructura de tabla para la tabla `tipo_grupo`
--

CREATE TABLE `tipo_grupo` (
  `id_tipo_grupo` int(11) NOT NULL,
  `descripcion` varchar(45) DEFAULT NULL
) ENGINE=InnoDB DEFAULT CHARSET=latin1;

-- --------------------------------------------------------

--
-- Estructura de tabla para la tabla `tipo_grupo_has_users`
--

CREATE TABLE `tipo_grupo_has_users` (
  `tipo_grupo_id_tipo_grupo` int(11) NOT NULL,
  `users_id_users` int(11) NOT NULL,
  `tipo_accion_id` int(11) NOT NULL,
  `created_at` timestamp NOT NULL DEFAULT CURRENT_TIMESTAMP ON UPDATE CURRENT_TIMESTAMP
) ENGINE=InnoDB DEFAULT CHARSET=latin1;

-- --------------------------------------------------------

--
-- Estructura de tabla para la tabla `tipo_ingreso`
--

CREATE TABLE `tipo_ingreso` (
  `id_tipo_ingreso` int(11) NOT NULL,
  `tipo_ingreso` varchar(150) NOT NULL
) ENGINE=InnoDB DEFAULT CHARSET=utf8;

-- --------------------------------------------------------

--
-- Estructura de tabla para la tabla `tipo_ingreso_has_users`
--

CREATE TABLE `tipo_ingreso_has_users` (
  `tipo_ingreso_id_tipo_ingreso` int(11) NOT NULL,
  `users_id_users` int(11) NOT NULL,
  `tipo_accion_id` int(11) NOT NULL,
  `created_at` timestamp NOT NULL DEFAULT CURRENT_TIMESTAMP ON UPDATE CURRENT_TIMESTAMP
) ENGINE=InnoDB DEFAULT CHARSET=utf8;

-- --------------------------------------------------------

--
-- Estructura de tabla para la tabla `tipo_pago`
--

CREATE TABLE `tipo_pago` (
  `id_tipo_pago` int(11) NOT NULL,
  `nombre_tipo_pago` varchar(100) DEFAULT NULL
) ENGINE=InnoDB DEFAULT CHARSET=latin1;

-- --------------------------------------------------------

--
-- Estructura de tabla para la tabla `tipo_periodo`
--

CREATE TABLE `tipo_periodo` (
  `id` int(11) NOT NULL,
  `nombre` varchar(45) DEFAULT NULL
) ENGINE=InnoDB DEFAULT CHARSET=latin1;

--
-- Volcado de datos para la tabla `tipo_periodo`
--

INSERT INTO `tipo_periodo` (`id`, `nombre`) VALUES
(1, 'SEMESTRALES'),
(2, 'TRIMESTRALES');

-- --------------------------------------------------------

--
-- Estructura de tabla para la tabla `universidad`
--

CREATE TABLE `universidad` (
  `id` int(11) NOT NULL,
  `nombre` varchar(165) NOT NULL,
  `abreviatura` varchar(45) NOT NULL,
  `url_imagen` varchar(95) DEFAULT NULL
) ENGINE=InnoDB DEFAULT CHARSET=latin1;

--
-- Volcado de datos para la tabla `universidad`
--

INSERT INTO `universidad` (`id`, `nombre`, `abreviatura`, `url_imagen`) VALUES
(1, 'UNIVERSIDAD NACIONAL AUTÓNOMA DE HONDURAS', 'UNAH', 'UNAH.jpg'),
(2, 'UNIVERSIDAD METROPOLITANA DE HONDURAS', 'UMH', 'UMH.png'),
(3, 'UNIVERSIDAD CRISTIANA DE HONDURAS', 'UCRISH', 'UCRISH.jpg'),
(4, 'UNIVERSIDAD TECNÓLOGICA CENTROAMERICANA', 'UNITEC CEUTEC', 'unitec.png'),
(5, 'UNIVERSIDAD NACIONAL DE AGRICULTURA ', 'UNAG', 'UNAG.jpg'),
(6, 'UNIVERSIDAD POLITÉCNICA DE HONDURAS', 'UPH', 'Politecnica.jpg'),
(7, 'UNIVERSIDAD TECNOLÓGICA DE HONDURAS', 'UTH', 'UTH.jpg'),
(8, 'UNIVERSIDAD CRISTIANA EVANGÉLICA NUEVO MILENIO', 'UCENM', 'UCENM.png'),
(9, 'CENTRO DE DISEÑO, ARQUITECTURA Y CONSTRUCCIÓN ', 'CEDAC', 'CEDAC.png'),
(10, 'UNIVERSIDAD CATÓLICA DE HONDURAS ', 'UNICAH', 'UNICAH.jpeg'),
(11, 'UNIVERSIDAD JESÚS DE NAZARETH', 'UJN', 'UJN.jpg'),
(12, 'UNIVERSIDAD DE SAN PEDRO SULA ', 'USAP', 'USAP.png'),
(13, 'UNIVERSIDAD PEDAGÓGICA NACIONAL FRANCISCO MORAZÁN (CUED \'CH, VL, AT, OL, SB\')\r\n\r\n\r\n', 'UPNFM (CUED \'CH, VL, AT, OL, SB\')', 'UPNFM.jpg'),
(14, 'UNIVERSIDAD JOSÉ CECILIO DEL VALLE', 'UJCV', 'JOSE.png'),
(15, 'INTERNATIONAL TECHNICAL SOLUTIONS', 'ITS', 'ITS.png'),
(16, 'UNIVERSIDAD PEDAGÓGICA NACIONAL FRANCISCO MORAZÁN (PREUFOD)', 'UPNFM (PREUFOD)', 'UPNFM.jpg'),
(17, 'UNIVERSIDAD NACIONAL DE CIENCIAS FORESTALES', 'ESNACIFOR', 'esnacifor.jpg'),
(18, 'UNIVERSIDAD DE ZAMORANO', 'ZAMORANO', 'ZAMORANO.png'),
(19, '	\r\nUNIVERSIDAD PEDAGÓGICA NACIONAL FRANCISCO MORAZÁN (UPNFM FORMACIÓN CONTINUA)\r\n', 'UPNFM FORMACIÓN CONTINUA', 'UPNFM.jpg'),
(20, 'UNIVERSIDAD PEDAGÓGICA NACIONAL FRANCISCO MORAZÁN (CUED \'FM, CM, CP, GD\')', 'UPNFM (CUED \'FM, CM, CP, GD\')', 'UPNFM.jpg'),
(21, 'UNIVERSIDAD POLITÉCNICA DE INGENIERÍA DE HONDURAS ', 'UPI', 'UPI.jpg');

-- --------------------------------------------------------

--
-- Estructura de tabla para la tabla `users`
--

CREATE TABLE `users` (
  `id` int(11) NOT NULL,
  `name` varchar(80) NOT NULL,
  `email` varchar(50) NOT NULL,
  `email_verified_at` timestamp NULL DEFAULT NULL,
  `password` varchar(255) NOT NULL,
  `remember_token` varchar(100) DEFAULT NULL,
  `created_at` timestamp NULL DEFAULT NULL,
  `updated_at` timestamp NULL DEFAULT NULL,
  `type` enum('Miembro','Administrador','Gerencia de Formacion y Capacitacion','Gerencia de Compromiso Social y Juvenil','tablet','Gerencia de Monitoreo y Evaluacio','Gerencia de Formacion y Liderazgo','Gerencia Contabilidad','Gerencia Planilla','Operaciones') DEFAULT 'Miembro',
  `img_url` varchar(200) DEFAULT NULL
) ENGINE=InnoDB DEFAULT CHARSET=latin1;

--
-- Volcado de datos para la tabla `users`
--

INSERT INTO `users` (`id`, `name`, `email`, `email_verified_at`, `password`, `remember_token`, `created_at`, `updated_at`, `type`, `img_url`) VALUES
(1, 'ariel morazan', 'selvinmorazawqe}n@gmail.com', NULL, '$2y$10$63ukk0EDOR0La7v8DXk2EO699qqtTGFCagBkcwSTCl7ejU8tCTwA6', 'blcfu0AexpAQj0tfSBaUnCFB7KDo3MrMsbnw4MItJJL12ckyyce3j7pkzqHf', '2018-10-12 17:20:52', '2018-10-17 17:03:39', 'Administrador', NULL),
(2, 'ariel morazan', 'selvinmofrazan@gmail.com', NULL, '$2y$10$dQZ3m7CCeB9TtmGhdMSgMO4v4kv.na/Z9DkjgONiH3LqfIyktw9zK', 'jYaxTGZLLQ3wptti5X9WeKVNfaBGJpAK456jLte9FF3jwVKAWIYF5G1NQWaK', '2018-10-15 15:41:49', '2018-10-17 18:49:39', 'Administrador', NULL),
(3, 'ariel colindres', 'selvin@gmail.co', NULL, '$2y$10$F.Z3KjCbrd.pV0MCXk.MGuCjbXKtLMqdnv7ma8s8BpNSYLLm0JXD6', NULL, '2018-10-15 16:12:52', '2018-10-17 17:47:16', 'Gerencia Contabilidad', NULL),
(4, 'ariel morazan', 'selvinmorazan@gmail.com', NULL, '$2y$10$MEgpCO4E1cSEQuVgEl8qv.8YmKsuzoiBsZih9aBU735ogzw7j6zWy', 'SHj0ovC1y8LZQzY37IPPDtY7FKm8NP7aPOKDiZydzjoRbIOsJ3rnAojjGJDu', '2018-10-16 21:58:15', '2018-11-02 17:18:12', 'Operaciones', 'Foto_perfilCel_1541179092.jpg'),
(5, 'samanta', 'samanta@gmail.com', NULL, '$2y$10$U83EUBKbhpmURqZz5yBdFuwpmY7HR327oXmvhrL.Oumc/ZySEqK/.', '0WM08RzzCcj13NtpGUZjThTfEaxd8eRw2yejZOpjeBPeTMC3s6Hnbc2NuuWF', '2018-10-17 18:07:23', '2018-10-19 21:51:56', 'Gerencia Planilla', NULL),
(6, 'dania mejia', 'dania@gmail.com', NULL, '$2y$10$PJmsl1ghYLnTLjBP.VuSd.Yil4CWgipziBdD3VrfKiCB0RoapyYvq', '3PLNOi3UHxDJ14Tmq3MbQXdrA6AvUnPzlfs4zOCnVT0KSLuEIaEbxvn6BWkb', '2018-10-17 21:54:02', '2018-10-17 21:55:15', 'Operaciones', NULL),
(7, 'osca nelson', 'oscarnelson18@gmail.com', NULL, '$2y$10$/dxCKVZ8JcWPFVPW/szbNuC0DeD1KkcP57VtkEUeJnRkWAhkDqCym', 'yYN1QllnhGEnGSFI9AUCps7oUNKONvwCXlEpoDTwmwDoeDfxDO3xjrNahRJ9', '2018-10-18 20:01:46', '2018-10-30 21:39:22', 'Operaciones', NULL),
(8, 'Camilo Espinoza', 'camilo.osmary@gmail.com', NULL, '$2y$10$N86xy9PYgcE3wcewwlqiSOdg02Wjr7EXRM/yTk8MwSey3I84LvQJS', 'FnqjpXdLq9BFWFTl5nZeOpgxLw3HcXWvgAvqAv8fEA0FaNxEAh8djwMwrrRU', '2018-10-23 15:29:21', '2018-11-13 21:25:07', 'Administrador', 'Foto_perfilCel_1541180684.jpg'),
(9, 'Hector Leonel Nolasco', 'asparin281@gmail.com', NULL, '$2y$10$kS5/2YVKD4X37E8RZ41Wh.a1rscPgKyftibbJr89MlMYkJoIIPB2i', 'vIQvjUZSWgayImP25jgHGn4Wctz0lGyIKKahPqLRq3vU1mpQzbQMVnPJR2MR', '2018-11-02 14:37:56', '2018-11-15 20:09:12', 'Operaciones', 'Foto_perfilCel_1541179157.jpg'),
(10, 'victor', 'victor.menchaca@becashonduras2020.gob.hn', NULL, '$2y$10$BoBIL.jkrSp793o2z9h4Y.yFPAdiUnhMJdFLshVdb8WOnkDMDW7tm', 'z9kh09xQdBk4jEA6AoJDLryg2B9AbvOTlWXF4yJoaAfYawssTZI74fisGHGv', '2018-11-02 15:50:24', '2018-11-02 20:00:22', 'Miembro', 'Foto_perfilCel_1541188822.jpg'),
(11, 'Colindres Morazan', 'selvin.morazan@becashonduras2020.gob.hn', NULL, '$2y$10$wbLb/r42V3N078BEkkl7A.Ee3lnt2lBl8bBZVcw.qF0RgIDIrauIC', '6jQLDCz5N3ZUk4K5PfjvP3eV95FuXIPwWGlHuzuG4fB8Zdu2w0dRIKmbJHD0', '2018-11-02 17:52:05', '2018-11-02 17:52:05', 'Miembro', NULL),
(12, 'Jenny Madrid', 'Jenny.madrid@becashonduras2020.gob.hn', NULL, '$2y$10$YwQwunK.XDt3aCjWCbYSWu/DfQMe3uJQiERTKeM5PaynslZWrZV1C', '3AZdciulIBaT4MFsCWT48WIKYiqgfNLIgUVxHdND6u9XVDDECNJPN6qj07qv', '2018-11-02 20:39:39', '2018-11-02 20:39:39', 'Miembro', NULL),
(13, 'Jacobo Zelaya', 'juan.zelaya@becashonduras2020.gob.hn', NULL, '$2y$10$QwPbouew/Wr0YcEhpQSqkO09RuKghEx0wSl2ubme9c707569q3LKS', 'LvfBs4A4jtkefMAblX2TlCqDxLGfGqaOHs1anmFuZ5s6LKe0b87xj8NhJZCf', '2018-11-22 22:14:35', '2018-11-26 19:52:29', 'Miembro', NULL);

-- --------------------------------------------------------

--
-- Estructura de tabla para la tabla `users_has_actualizacion_periodo`
--

CREATE TABLE `users_has_actualizacion_periodo` (
  `id` int(11) NOT NULL,
  `users_id` int(11) NOT NULL,
  `actualizacion_periodo_id` int(11) NOT NULL,
  `tipo_accion_id` int(11) NOT NULL,
  `created_at` timestamp NULL DEFAULT NULL,
  `updated_at` timestamp NULL DEFAULT NULL
) ENGINE=InnoDB DEFAULT CHARSET=latin1;

-- --------------------------------------------------------

--
-- Estructura de tabla para la tabla `users_has_becas`
--

CREATE TABLE `users_has_becas` (
  `id` int(11) NOT NULL,
  `tipo_accion_id` int(11) NOT NULL,
  `users_id` int(11) NOT NULL,
  `becas_id` int(11) NOT NULL,
  `created_at` timestamp NULL DEFAULT NULL,
  `updated_at` timestamp NULL DEFAULT NULL
) ENGINE=InnoDB DEFAULT CHARSET=latin1;

-- --------------------------------------------------------

--
-- Estructura de tabla para la tabla `users_has_calendario_universidad`
--

CREATE TABLE `users_has_calendario_universidad` (
  `id` int(11) NOT NULL,
  `users_id` int(11) NOT NULL,
  `calendario_universidad_id` int(11) NOT NULL,
  `created_at` timestamp NULL DEFAULT NULL,
  `updated_at` timestamp NULL DEFAULT NULL,
  `tipo_accion_id` int(11) NOT NULL
) ENGINE=InnoDB DEFAULT CHARSET=latin1;

-- --------------------------------------------------------

--
-- Estructura de tabla para la tabla `users_has_compromiso_politico`
--

CREATE TABLE `users_has_compromiso_politico` (
  `users_id_users` int(11) NOT NULL,
  `compromiso_politico_id_cpolitico` int(11) NOT NULL,
  `tipo_accion_id` int(11) NOT NULL,
  `created_at` timestamp NOT NULL DEFAULT CURRENT_TIMESTAMP ON UPDATE CURRENT_TIMESTAMP
) ENGINE=InnoDB DEFAULT CHARSET=latin1;

-- --------------------------------------------------------

--
-- Estructura de tabla para la tabla `users_has_compromiso_social_horas`
--

CREATE TABLE `users_has_compromiso_social_horas` (
  `users_id_users` int(11) NOT NULL,
  `compromiso_social_horas_id_compromiso` int(11) NOT NULL,
  `tipo_accion_id` int(11) NOT NULL,
  `created_at` timestamp NOT NULL DEFAULT CURRENT_TIMESTAMP ON UPDATE CURRENT_TIMESTAMP
) ENGINE=InnoDB DEFAULT CHARSET=latin1;

-- --------------------------------------------------------

--
-- Estructura de tabla para la tabla `users_has_datos_laboral`
--

CREATE TABLE `users_has_datos_laboral` (
  `users_id_users` int(11) NOT NULL,
  `datos_laboral_id` int(11) NOT NULL,
  `tipo_accion_id` int(11) NOT NULL,
  `created_at` timestamp NOT NULL DEFAULT CURRENT_TIMESTAMP ON UPDATE CURRENT_TIMESTAMP
) ENGINE=InnoDB DEFAULT CHARSET=latin1;

-- --------------------------------------------------------

--
-- Estructura de tabla para la tabla `users_has_meses_universidad`
--

CREATE TABLE `users_has_meses_universidad` (
  `id` int(11) NOT NULL,
  `users_id` int(11) DEFAULT NULL,
  `pagos_meses_universidad_id` int(11) DEFAULT NULL,
  `tipo_accion_id` int(11) DEFAULT NULL,
  `created_at` timestamp NULL DEFAULT NULL,
  `updated_at` timestamp NULL DEFAULT NULL
) ENGINE=InnoDB DEFAULT CHARSET=latin1;

-- --------------------------------------------------------

--
-- Estructura de tabla para la tabla `users_has_nombre_complementaria`
--

CREATE TABLE `users_has_nombre_complementaria` (
  `id` int(11) NOT NULL,
  `users_id` int(11) NOT NULL,
  `nombre_complementaria_id` int(11) NOT NULL,
  `tipo_accion_id` int(11) NOT NULL,
  `created_at` timestamp NULL DEFAULT NULL,
  `updated_at` timestamp NULL DEFAULT NULL
) ENGINE=InnoDB DEFAULT CHARSET=latin1;

-- --------------------------------------------------------

--
-- Estructura de tabla para la tabla `users_has_per_act`
--

CREATE TABLE `users_has_per_act` (
  `users_id_users` int(11) NOT NULL,
  `per_act_id_per_act` int(11) NOT NULL,
  `tipo_accion_id` int(11) NOT NULL,
  `created_at` timestamp NOT NULL DEFAULT CURRENT_TIMESTAMP ON UPDATE CURRENT_TIMESTAMP
) ENGINE=InnoDB DEFAULT CHARSET=latin1;

-- --------------------------------------------------------

--
-- Estructura de tabla para la tabla `users_has_per_com`
--

CREATE TABLE `users_has_per_com` (
  `users_id_users` int(11) NOT NULL,
  `per_com_id_per_com` int(11) NOT NULL,
  `tipo_accion_id` int(11) NOT NULL,
  `created_at` timestamp NULL DEFAULT NULL
) ENGINE=InnoDB DEFAULT CHARSET=latin1;

-- --------------------------------------------------------

--
-- Estructura de tabla para la tabla `users_has_practica`
--

CREATE TABLE `users_has_practica` (
  `id` int(11) NOT NULL,
  `users_id` int(11) NOT NULL,
  `practica_id` int(11) NOT NULL,
  `tipo_accion_id` int(11) NOT NULL,
  `created_at` timestamp NULL DEFAULT NULL,
  `updated_at` timestamp NULL DEFAULT NULL
) ENGINE=InnoDB DEFAULT CHARSET=latin1;

--
-- Índices para tablas volcadas
--

--
-- Indices de la tabla `actividades`
--
ALTER TABLE `actividades`
  ADD PRIMARY KEY (`id_actividades`),
  ADD KEY `fk_actividades_poa1_idx` (`id_poa`);

--
-- Indices de la tabla `actividades_has_users`
--
ALTER TABLE `actividades_has_users`
  ADD PRIMARY KEY (`actividades_id_actividades`,`users_id_users`),
  ADD KEY `fk_actividades_has_users_users1_idx` (`users_id_users`),
  ADD KEY `fk_actividades_has_users_actividades1_idx` (`actividades_id_actividades`),
  ADD KEY `fk_actividades_has_users_tipo_accion1_idx` (`tipo_accion_id`);

--
-- Indices de la tabla `actualizacion_periodo`
--
ALTER TABLE `actualizacion_periodo`
  ADD PRIMARY KEY (`id`),
  ADD KEY `fk_actualizacion_periodo_datos_personales1_idx` (`id_datos_personales`),
  ADD KEY `fk_actualizacion_periodo_calendario_universidad1_idx` (`calendario_universidad_id`);

--
-- Indices de la tabla `actulizacion_documentos_has_users`
--
ALTER TABLE `actulizacion_documentos_has_users`
  ADD PRIMARY KEY (`actulizacion_documentos_id`,`users_id_users`),
  ADD KEY `fk_actulizacion_documentos_has_users_users1_idx` (`users_id_users`),
  ADD KEY `fk_actulizacion_documentos_has_users_actulizacion_documento_idx` (`actulizacion_documentos_id`),
  ADD KEY `fk_actulizacion_documentos_has_users_tipo_accion1_idx` (`tipo_accion_id`);

--
-- Indices de la tabla `banco`
--
ALTER TABLE `banco`
  ADD PRIMARY KEY (`id_banco`);

--
-- Indices de la tabla `banco_has_users`
--
ALTER TABLE `banco_has_users`
  ADD PRIMARY KEY (`banco_id_banco`,`users_id_users`),
  ADD KEY `fk_banco_has_users_users1_idx` (`users_id_users`),
  ADD KEY `fk_banco_has_users_banco1_idx` (`banco_id_banco`),
  ADD KEY `fk_banco_has_users_tipo_accion1_idx` (`tipo_accion_id`);

--
-- Indices de la tabla `becas`
--
ALTER TABLE `becas`
  ADD PRIMARY KEY (`id`);

--
-- Indices de la tabla `calendario_universidad`
--
ALTER TABLE `calendario_universidad`
  ADD PRIMARY KEY (`id`),
  ADD KEY `fk_calendario_universidad_universidad1_idx` (`universidad_id`);

--
-- Indices de la tabla `cambio_universidad_has_users`
--
ALTER TABLE `cambio_universidad_has_users`
  ADD PRIMARY KEY (`id`),
  ADD KEY `fk_datos_personales_has_users_users1_idx` (`users_id`),
  ADD KEY `fk_datos_personales_has_users_datos_personales1_idx` (`datos_personales_id`),
  ADD KEY `fk_datos_personales_has_users_tipo_accion1_idx` (`tipo_accion_id`);

--
-- Indices de la tabla `campus`
--
ALTER TABLE `campus`
  ADD PRIMARY KEY (`id`),
  ADD KEY `fk_campus_universidad1_idx` (`universidad_id`),
  ADD KEY `fk_campus_municipio1_idx` (`id_municipio`);

--
-- Indices de la tabla `carreras`
--
ALTER TABLE `carreras`
  ADD PRIMARY KEY (`id`),
  ADD KEY `fk_carreras_facultad1_idx` (`facultad_id`),
  ADD KEY `fk_carreras_codigo_carrera1_idx` (`codigo_id`);

--
-- Indices de la tabla `carrera_has_users`
--
ALTER TABLE `carrera_has_users`
  ADD PRIMARY KEY (`users_id_users`),
  ADD KEY `fk_carrera_has_users_users1_idx` (`users_id_users`),
  ADD KEY `fk_carrera_has_users_tipo_accion1_idx` (`tipo_accion_id`);

--
-- Indices de la tabla `codigo_carrera`
--
ALTER TABLE `codigo_carrera`
  ADD PRIMARY KEY (`id`);

--
-- Indices de la tabla `codigo_facultad`
--
ALTER TABLE `codigo_facultad`
  ADD PRIMARY KEY (`id`);

--
-- Indices de la tabla `color`
--
ALTER TABLE `color`
  ADD PRIMARY KEY (`id`);

--
-- Indices de la tabla `compromiso_politico`
--
ALTER TABLE `compromiso_politico`
  ADD PRIMARY KEY (`id_cpolitico`);

--
-- Indices de la tabla `compromiso_social_horas`
--
ALTER TABLE `compromiso_social_horas`
  ADD PRIMARY KEY (`id_compromiso`),
  ADD KEY `fk_compromiso_social_horas_datos_personales2_idx` (`id_datos_personales`);

--
-- Indices de la tabla `convenio_universidad`
--
ALTER TABLE `convenio_universidad`
  ADD PRIMARY KEY (`id`),
  ADD KEY `fk_convenio_universidad_universidad1_idx` (`universidad_id`);

--
-- Indices de la tabla `convocatorias`
--
ALTER TABLE `convocatorias`
  ADD PRIMARY KEY (`id`);

--
-- Indices de la tabla `convocatorias_has_users`
--
ALTER TABLE `convocatorias_has_users`
  ADD PRIMARY KEY (`convocatorias_id`,`users_id_users`),
  ADD KEY `fk_convocatorias_has_users_users1_idx` (`users_id_users`),
  ADD KEY `fk_convocatorias_has_users_convocatorias1_idx` (`convocatorias_id`),
  ADD KEY `fk_convocatorias_has_users_tipo_accion1_idx` (`tipo_accion_id`);

--
-- Indices de la tabla `creacion_becarios_has_users`
--
ALTER TABLE `creacion_becarios_has_users`
  ADD PRIMARY KEY (`id`),
  ADD KEY `fk_datos_personales_has_users_users2_idx` (`users_id`),
  ADD KEY `fk_datos_personales_has_users_datos_personales2_idx` (`datos_personales_id`),
  ADD KEY `fk_creacion_becarios_has_users_tipo_accion1_idx` (`tipo_accion_id`);

--
-- Indices de la tabla `datos_laboral`
--
ALTER TABLE `datos_laboral`
  ADD PRIMARY KEY (`id`),
  ADD KEY `fk_tip_ingres` (`tipo_ingreso`);

--
-- Indices de la tabla `datos_madre`
--
ALTER TABLE `datos_madre`
  ADD PRIMARY KEY (`id`);

--
-- Indices de la tabla `datos_madre_has_users`
--
ALTER TABLE `datos_madre_has_users`
  ADD PRIMARY KEY (`datos_madre_id_madre`,`users_id_users`),
  ADD KEY `fk_datos_madre_has_users_users1_idx` (`users_id_users`),
  ADD KEY `fk_datos_madre_has_users_datos_madre1_idx` (`datos_madre_id_madre`),
  ADD KEY `fk_datos_madre_has_users_tipo_accion1_idx` (`tipo_accion_id`);

--
-- Indices de la tabla `datos_padre`
--
ALTER TABLE `datos_padre`
  ADD PRIMARY KEY (`id`);

--
-- Indices de la tabla `datos_padre_has_users`
--
ALTER TABLE `datos_padre_has_users`
  ADD PRIMARY KEY (`datos_padre_id_padre`,`users_id_users`),
  ADD KEY `fk_datos_padre_has_users_users1_idx` (`users_id_users`),
  ADD KEY `fk_datos_padre_has_users_datos_padre1_idx` (`datos_padre_id_padre`),
  ADD KEY `fk_datos_padre_has_users_tipo_accion1_idx` (`tipo_accion_id`);

--
-- Indices de la tabla `datos_personales`
--
ALTER TABLE `datos_personales`
  ADD PRIMARY KEY (`id`),
  ADD KEY `fk_personaltogener` (`genero`),
  ADD KEY `fk_estacivtopersonal` (`estado_civil`),
  ADD KEY `fk_municiotopersonal` (`id_municipio`),
  ADD KEY `fk_padre_to_soli` (`id_padre`),
  ADD KEY `fk_madre_to sol` (`id_madre`),
  ADD KEY `id_laboral` (`id_laboral`),
  ADD KEY `id_extracurr` (`id_extracurr`),
  ADD KEY `id_cargo` (`id_cargo`),
  ADD KEY `fk_datos_personales_grupo_becarios1_idx` (`id_grupo_becarios`),
  ADD KEY `fk_datos_personales_banco1_idx` (`id_banco`),
  ADD KEY `fk_datos_personales_actulizacion_documentos1_idx` (`id_documentos`),
  ADD KEY `fk_datos_personales_departamento1_idx` (`departamento_residencia`),
  ADD KEY `fk_datos_personales_becas1_idx` (`becas_id`);

--
-- Indices de la tabla `datos_personales_has_carreras`
--
ALTER TABLE `datos_personales_has_carreras`
  ADD PRIMARY KEY (`id`),
  ADD KEY `fk_datos_personales_has_carreras_carreras1_idx` (`carrera_id`),
  ADD KEY `fk_datos_personales_has_carreras_datos_personales1_idx` (`id_datos_personales`);

--
-- Indices de la tabla `departamento`
--
ALTER TABLE `departamento`
  ADD PRIMARY KEY (`id_depto`);

--
-- Indices de la tabla `depa_asignado`
--
ALTER TABLE `depa_asignado`
  ADD PRIMARY KEY (`id`),
  ADD KEY `fk_depa_asignado_users1_idx` (`users_id`),
  ADD KEY `fk_depa_asignado_departamento1_idx` (`departamento_id_depto`);

--
-- Indices de la tabla `digitalizacion_documentos`
--
ALTER TABLE `digitalizacion_documentos`
  ADD PRIMARY KEY (`id`),
  ADD KEY `fk_digitalizacion_documentos_datos_personales1_idx` (`datos_personales_id`);

--
-- Indices de la tabla `documento`
--
ALTER TABLE `documento`
  ADD PRIMARY KEY (`id_documento`),
  ADD KEY `solicitante_idx` (`id_solicitante`),
  ADD KEY `fk_documento_convocatorias1_idx` (`id_convocatoria`);

--
-- Indices de la tabla `documento_has_users`
--
ALTER TABLE `documento_has_users`
  ADD PRIMARY KEY (`documento_id_documento`,`users_id_users`),
  ADD KEY `fk_documento_has_users_users1_idx` (`users_id_users`),
  ADD KEY `fk_documento_has_users_documento1_idx` (`documento_id_documento`),
  ADD KEY `fk_documento_has_users_tipo_accion1_idx` (`tipo_accion_id`);

--
-- Indices de la tabla `estado_civil`
--
ALTER TABLE `estado_civil`
  ADD PRIMARY KEY (`id_estado_civil`);

--
-- Indices de la tabla `estado_civil_has_users`
--
ALTER TABLE `estado_civil_has_users`
  ADD PRIMARY KEY (`estado_civil_id_estado_civil`,`users_id_users`),
  ADD KEY `fk_estado_civil_has_users_users1_idx` (`users_id_users`),
  ADD KEY `fk_estado_civil_has_users_estado_civil1_idx` (`estado_civil_id_estado_civil`),
  ADD KEY `fk_estado_civil_has_users_tipo_accion1_idx` (`tipo_accion_id`);

--
-- Indices de la tabla `estado_estudios`
--
ALTER TABLE `estado_estudios`
  ADD PRIMARY KEY (`id`),
  ADD KEY `fk_estado_estudios_datos_personales1_idx` (`datos_personales_id`);

--
-- Indices de la tabla `estado_estudios_has_users`
--
ALTER TABLE `estado_estudios_has_users`
  ADD PRIMARY KEY (`id`),
  ADD KEY `fk_estado_estudios_has_users_users1_idx` (`users_id`),
  ADD KEY `fk_estado_estudios_has_users_estado_estudios1_idx` (`estado_estudios_id`),
  ADD KEY `fk_estado_estudios_has_users_tipo_accion1_idx` (`tipo_accion_id`);

--
-- Indices de la tabla `estado_pago`
--
ALTER TABLE `estado_pago`
  ADD PRIMARY KEY (`id_estado_pago`);

--
-- Indices de la tabla `estado_pago_has_users`
--
ALTER TABLE `estado_pago_has_users`
  ADD PRIMARY KEY (`estado_pago_id_estado_pago`,`users_id`),
  ADD KEY `fk_estado_pago_has_users_users1_idx` (`users_id`),
  ADD KEY `fk_estado_pago_has_users_estado_pago1_idx` (`estado_pago_id_estado_pago`);

--
-- Indices de la tabla `extra_curricular`
--
ALTER TABLE `extra_curricular`
  ADD PRIMARY KEY (`id_extracurr`);

--
-- Indices de la tabla `extra_curricular_has_users`
--
ALTER TABLE `extra_curricular_has_users`
  ADD PRIMARY KEY (`extra_curricular_id_extracurr`,`users_id_users`),
  ADD KEY `fk_extra_curricular_has_users_users1_idx` (`users_id_users`),
  ADD KEY `fk_extra_curricular_has_users_extra_curricular1_idx` (`extra_curricular_id_extracurr`),
  ADD KEY `fk_extra_curricular_has_users_tipo_accion1_idx` (`tipo_accion_id`);

--
-- Indices de la tabla `facultad`
--
ALTER TABLE `facultad`
  ADD PRIMARY KEY (`id`),
  ADD KEY `fk_facultad_campus1_idx` (`campus_id`),
  ADD KEY `fk_facultad_codigo_facultad1_idx` (`codigo_facultad_id`);

--
-- Indices de la tabla `ficha_documentos`
--
ALTER TABLE `ficha_documentos`
  ADD PRIMARY KEY (` id`),
  ADD KEY `fk_ficha_documentos_datos_personales1_idx` (`datos_personales_id`);

--
-- Indices de la tabla `genero`
--
ALTER TABLE `genero`
  ADD PRIMARY KEY (`id_genero`);

--
-- Indices de la tabla `grupo_becarios`
--
ALTER TABLE `grupo_becarios`
  ADD PRIMARY KEY (`id_grupo_becarios`),
  ADD KEY `fk_grupo_becarios_datos_personales1_idx` (`id_guia`),
  ADD KEY `fk_grupo_becarios_tipo_grupo1_idx` (`id_tipo_grupo`),
  ADD KEY `fk_grupo_becarios_tipo_casas1_idx` (`id_casa`);

--
-- Indices de la tabla `grupo_becarios_has_users`
--
ALTER TABLE `grupo_becarios_has_users`
  ADD PRIMARY KEY (`grupo_becarios_id_grupo_becarios`,`users_id_users`,`tipo_accion_id`),
  ADD KEY `fk_grupo_becarios_has_users_users1_idx` (`users_id_users`),
  ADD KEY `fk_grupo_becarios_has_users_grupo_becarios1_idx` (`grupo_becarios_id_grupo_becarios`),
  ADD KEY `fk_grupo_becarios_has_users_tipo_accion1_idx` (`tipo_accion_id`);

--
-- Indices de la tabla `historial_sesiones`
--
ALTER TABLE `historial_sesiones`
  ADD PRIMARY KEY (`id`),
  ADD KEY `fk_historial_sesiones_users1_idx` (`users_id`);

--
-- Indices de la tabla `indicadores`
--
ALTER TABLE `indicadores`
  ADD PRIMARY KEY (`id_indicadores`),
  ADD KEY `fk_indicadores_actividades1_idx` (`id_actividades`);

--
-- Indices de la tabla `migrations`
--
ALTER TABLE `migrations`
  ADD PRIMARY KEY (`id_migrations`);

--
-- Indices de la tabla `municipio`
--
ALTER TABLE `municipio`
  ADD PRIMARY KEY (`id_municipio`),
  ADD KEY `id_departamento` (`id_depto`);

--
-- Indices de la tabla `nombre_complementaria`
--
ALTER TABLE `nombre_complementaria`
  ADD PRIMARY KEY (`id`),
  ADD KEY `fk_nombre_complementaria_users1_idx` (`users_id`);

--
-- Indices de la tabla `pagos`
--
ALTER TABLE `pagos`
  ADD PRIMARY KEY (`id_pagos`),
  ADD KEY `fk_pagos_tipo_pago1_idx` (`id_tipo_pago`),
  ADD KEY `fk_pagos_estado_pago1_idx` (`id_estado_pago`),
  ADD KEY `fk_pagos_datos_personales1_idx` (`id_datos_personales`);

--
-- Indices de la tabla `pagos_has_users`
--
ALTER TABLE `pagos_has_users`
  ADD PRIMARY KEY (`id_pagos`,`id_users`),
  ADD KEY `fk_pagos_has_users_users1_idx` (`id_users`),
  ADD KEY `fk_pagos_has_users_pagos1_idx` (`id_pagos`),
  ADD KEY `fk_pagos_has_users_tipo_accion1_idx` (`tipo_accion_id`);

--
-- Indices de la tabla `pagos_meses_universidad`
--
ALTER TABLE `pagos_meses_universidad`
  ADD PRIMARY KEY (`id`),
  ADD KEY `fk_pagos_meses_universidad_universidad1_idx` (`universidad_id`);

--
-- Indices de la tabla `periodo_universidad`
--
ALTER TABLE `periodo_universidad`
  ADD PRIMARY KEY (`id`),
  ADD KEY `fk_periodo_universidad_universidad1_idx` (`universidad_id`);

--
-- Indices de la tabla `persona_dependiente`
--
ALTER TABLE `persona_dependiente`
  ADD PRIMARY KEY (`id`),
  ADD KEY `fk_persona_dependiente_datos_personales1_idx` (`id_datos_personales`);

--
-- Indices de la tabla `per_act`
--
ALTER TABLE `per_act`
  ADD PRIMARY KEY (`id_per_act`),
  ADD KEY `fk_per_act_actividades1_idx` (`actividades_id_actividades`),
  ADD KEY `fk_per_act_datos_personales2_idx` (`id_datos_personales`);

--
-- Indices de la tabla `per_com`
--
ALTER TABLE `per_com`
  ADD PRIMARY KEY (`id_per_com`),
  ADD KEY `fk_per_com_datos_personales1_idx` (`id_datos_personales`),
  ADD KEY `fk_per_com_compromiso_politico1_idx` (`id_cpolitico`);

--
-- Indices de la tabla `planilla_complementaria`
--
ALTER TABLE `planilla_complementaria`
  ADD PRIMARY KEY (`id`),
  ADD KEY `fk_planilla_complementaria_datos_personales1_idx` (`datos_personales_id`),
  ADD KEY `fk_planilla_complementaria_users1_idx` (`users_id`),
  ADD KEY `fk_planilla_complementaria_nombre_complementaria1_idx` (`nombre_complementaria_id`);

--
-- Indices de la tabla `poa`
--
ALTER TABLE `poa`
  ADD PRIMARY KEY (`id_poa`);

--
-- Indices de la tabla `practica`
--
ALTER TABLE `practica`
  ADD PRIMARY KEY (`id`),
  ADD KEY `fk_practica_datos_personales1_idx` (`datos_personales_id`);

--
-- Indices de la tabla `retenido`
--
ALTER TABLE `retenido`
  ADD PRIMARY KEY (`id`),
  ADD KEY `retenido_idx` (`id_datos_personales`);

--
-- Indices de la tabla `retenido_has_users`
--
ALTER TABLE `retenido_has_users`
  ADD PRIMARY KEY (`id`),
  ADD KEY `fk_retenido_has_users_users1_idx` (`id_users`),
  ADD KEY `fk_retenido_has_users_retenido1_idx` (`id_retenido`),
  ADD KEY `fk_retenido_has_users_tipo_accion1_idx` (`tipo_accion_id`);

--
-- Indices de la tabla `tipo_accion`
--
ALTER TABLE `tipo_accion`
  ADD PRIMARY KEY (`id`),
  ADD KEY `fk_tipo_accion_color1_idx` (`color_id`);

--
-- Indices de la tabla `tipo_actualizacion`
--
ALTER TABLE `tipo_actualizacion`
  ADD PRIMARY KEY (`id`);

--
-- Indices de la tabla `tipo_cargo`
--
ALTER TABLE `tipo_cargo`
  ADD PRIMARY KEY (`id_cargo`) USING BTREE;

--
-- Indices de la tabla `tipo_cargo_has_users`
--
ALTER TABLE `tipo_cargo_has_users`
  ADD PRIMARY KEY (`tipo_cargo_id_cargo`,`users_id_users`,`tipo_accion_id`),
  ADD KEY `fk_tipo_cargo_has_users_users1_idx` (`users_id_users`),
  ADD KEY `fk_tipo_cargo_has_users_tipo_cargo1_idx` (`tipo_cargo_id_cargo`),
  ADD KEY `fk_tipo_cargo_has_users_tipo_accion1_idx` (`tipo_accion_id`);

--
-- Indices de la tabla `tipo_casas`
--
ALTER TABLE `tipo_casas`
  ADD PRIMARY KEY (`id_casa`);

--
-- Indices de la tabla `tipo_casas_has_users`
--
ALTER TABLE `tipo_casas_has_users`
  ADD PRIMARY KEY (`tipo_casas_id_casa`,`users_id_users`,`tipo_accion_id`),
  ADD KEY `fk_tipo_casas_has_users_users1_idx` (`users_id_users`),
  ADD KEY `fk_tipo_casas_has_users_tipo_casas1_idx` (`tipo_casas_id_casa`),
  ADD KEY `fk_tipo_casas_has_users_tipo_accion1_idx` (`tipo_accion_id`);

--
-- Indices de la tabla `tipo_grupo`
--
ALTER TABLE `tipo_grupo`
  ADD PRIMARY KEY (`id_tipo_grupo`);

--
-- Indices de la tabla `tipo_grupo_has_users`
--
ALTER TABLE `tipo_grupo_has_users`
  ADD PRIMARY KEY (`tipo_grupo_id_tipo_grupo`,`users_id_users`,`tipo_accion_id`),
  ADD KEY `fk_tipo_grupo_has_users_users1_idx` (`users_id_users`),
  ADD KEY `fk_tipo_grupo_has_users_tipo_grupo1_idx` (`tipo_grupo_id_tipo_grupo`),
  ADD KEY `fk_tipo_grupo_has_users_tipo_accion1_idx` (`tipo_accion_id`);

--
-- Indices de la tabla `tipo_ingreso`
--
ALTER TABLE `tipo_ingreso`
  ADD PRIMARY KEY (`id_tipo_ingreso`);

--
-- Indices de la tabla `tipo_ingreso_has_users`
--
ALTER TABLE `tipo_ingreso_has_users`
  ADD PRIMARY KEY (`tipo_ingreso_id_tipo_ingreso`,`users_id_users`),
  ADD KEY `fk_tipo_ingreso_has_users_users1_idx` (`users_id_users`),
  ADD KEY `fk_tipo_ingreso_has_users_tipo_ingreso1_idx` (`tipo_ingreso_id_tipo_ingreso`),
  ADD KEY `fk_tipo_ingreso_has_users_tipo_accion1_idx` (`tipo_accion_id`);

--
-- Indices de la tabla `tipo_pago`
--
ALTER TABLE `tipo_pago`
  ADD PRIMARY KEY (`id_tipo_pago`);

--
-- Indices de la tabla `tipo_periodo`
--
ALTER TABLE `tipo_periodo`
  ADD PRIMARY KEY (`id`);

--
-- Indices de la tabla `universidad`
--
ALTER TABLE `universidad`
  ADD PRIMARY KEY (`id`);

--
-- Indices de la tabla `users`
--
ALTER TABLE `users`
  ADD PRIMARY KEY (`id`),
  ADD UNIQUE KEY `email_UNIQUE` (`email`);

--
-- Indices de la tabla `users_has_actualizacion_periodo`
--
ALTER TABLE `users_has_actualizacion_periodo`
  ADD PRIMARY KEY (`id`),
  ADD KEY `fk_users_has_actualizacion_periodo_actualizacion_periodo1_idx` (`actualizacion_periodo_id`),
  ADD KEY `fk_users_has_actualizacion_periodo_users1_idx` (`users_id`),
  ADD KEY `fk_users_has_actualizacion_periodo_tipo_accion1_idx` (`tipo_accion_id`);

--
-- Indices de la tabla `users_has_becas`
--
ALTER TABLE `users_has_becas`
  ADD PRIMARY KEY (`id`),
  ADD KEY `fk_users_has_becas_becas1_idx` (`becas_id`),
  ADD KEY `fk_users_has_becas_users1_idx` (`users_id`),
  ADD KEY `fk_users_has_becas_tipo_accion1_idx` (`tipo_accion_id`);

--
-- Indices de la tabla `users_has_calendario_universidad`
--
ALTER TABLE `users_has_calendario_universidad`
  ADD PRIMARY KEY (`id`),
  ADD KEY `fk_users_has_calendario_universidad_calendario_universidad1_idx` (`calendario_universidad_id`),
  ADD KEY `fk_users_has_calendario_universidad_users1_idx` (`users_id`),
  ADD KEY `fk_users_has_calendario_universidad_tipo_accion1_idx` (`tipo_accion_id`);

--
-- Indices de la tabla `users_has_compromiso_politico`
--
ALTER TABLE `users_has_compromiso_politico`
  ADD PRIMARY KEY (`users_id_users`,`compromiso_politico_id_cpolitico`,`tipo_accion_id`),
  ADD KEY `fk_users_has_compromiso_politico_compromiso_politico1_idx` (`compromiso_politico_id_cpolitico`),
  ADD KEY `fk_users_has_compromiso_politico_users1_idx` (`users_id_users`),
  ADD KEY `fk_users_has_compromiso_politico_tipo_accion1_idx` (`tipo_accion_id`);

--
-- Indices de la tabla `users_has_compromiso_social_horas`
--
ALTER TABLE `users_has_compromiso_social_horas`
  ADD PRIMARY KEY (`users_id_users`,`compromiso_social_horas_id_compromiso`),
  ADD KEY `fk_users_has_compromiso_social_horas_compromiso_social_hora_idx` (`compromiso_social_horas_id_compromiso`),
  ADD KEY `fk_users_has_compromiso_social_horas_users1_idx` (`users_id_users`),
  ADD KEY `fk_users_has_compromiso_social_horas_tipo_accion1_idx` (`tipo_accion_id`);

--
-- Indices de la tabla `users_has_datos_laboral`
--
ALTER TABLE `users_has_datos_laboral`
  ADD PRIMARY KEY (`users_id_users`,`datos_laboral_id`),
  ADD KEY `fk_users_has_datos_laboral_datos_laboral1_idx` (`datos_laboral_id`),
  ADD KEY `fk_users_has_datos_laboral_users1_idx` (`users_id_users`),
  ADD KEY `fk_users_has_datos_laboral_tipo_accion1_idx` (`tipo_accion_id`);

--
-- Indices de la tabla `users_has_meses_universidad`
--
ALTER TABLE `users_has_meses_universidad`
  ADD PRIMARY KEY (`id`),
  ADD KEY `fk_users_has_pagos_meses_universidad_pagos_meses_universida_idx` (`pagos_meses_universidad_id`),
  ADD KEY `fk_users_has_pagos_meses_universidad_users1_idx` (`users_id`),
  ADD KEY `fk_users_has_pagos_meses_universidad_tipo_accion1_idx` (`tipo_accion_id`);

--
-- Indices de la tabla `users_has_nombre_complementaria`
--
ALTER TABLE `users_has_nombre_complementaria`
  ADD PRIMARY KEY (`id`),
  ADD KEY `fk_users_has_nombre_complementaria_nombre_complementaria1_idx` (`nombre_complementaria_id`),
  ADD KEY `fk_users_has_nombre_complementaria_users1_idx` (`users_id`),
  ADD KEY `fk_users_has_nombre_complementaria_tipo_accion1_idx` (`tipo_accion_id`);

--
-- Indices de la tabla `users_has_per_act`
--
ALTER TABLE `users_has_per_act`
  ADD PRIMARY KEY (`users_id_users`,`per_act_id_per_act`),
  ADD KEY `fk_users_has_per_act_per_act1_idx` (`per_act_id_per_act`),
  ADD KEY `fk_users_has_per_act_users1_idx` (`users_id_users`),
  ADD KEY `fk_users_has_per_act_tipo_accion1_idx` (`tipo_accion_id`);

--
-- Indices de la tabla `users_has_per_com`
--
ALTER TABLE `users_has_per_com`
  ADD PRIMARY KEY (`users_id_users`,`per_com_id_per_com`,`tipo_accion_id`),
  ADD KEY `fk_users_has_per_com_per_com1_idx` (`per_com_id_per_com`),
  ADD KEY `fk_users_has_per_com_users1_idx` (`users_id_users`),
  ADD KEY `fk_users_has_per_com_tipo_accion1_idx` (`tipo_accion_id`);

--
-- Indices de la tabla `users_has_practica`
--
ALTER TABLE `users_has_practica`
  ADD PRIMARY KEY (`id`),
  ADD KEY `fk_users_has_practica_practica1_idx` (`practica_id`),
  ADD KEY `fk_users_has_practica_users1_idx` (`users_id`),
  ADD KEY `fk_users_has_practica_tipo_accion1_idx` (`tipo_accion_id`);

--
-- AUTO_INCREMENT de las tablas volcadas
--

--
-- AUTO_INCREMENT de la tabla `actualizacion_periodo`
--
ALTER TABLE `actualizacion_periodo`
  MODIFY `id` int(11) NOT NULL AUTO_INCREMENT, AUTO_INCREMENT=60;

--
-- AUTO_INCREMENT de la tabla `becas`
--
ALTER TABLE `becas`
  MODIFY `id` int(11) NOT NULL AUTO_INCREMENT, AUTO_INCREMENT=18;

--
-- AUTO_INCREMENT de la tabla `calendario_universidad`
--
ALTER TABLE `calendario_universidad`
  MODIFY `id` int(11) NOT NULL AUTO_INCREMENT, AUTO_INCREMENT=29;

--
-- AUTO_INCREMENT de la tabla `cambio_universidad_has_users`
--
ALTER TABLE `cambio_universidad_has_users`
  MODIFY `id` int(11) NOT NULL AUTO_INCREMENT;

--
-- AUTO_INCREMENT de la tabla `campus`
--
ALTER TABLE `campus`
  MODIFY `id` int(11) NOT NULL AUTO_INCREMENT, AUTO_INCREMENT=139;

--
-- AUTO_INCREMENT de la tabla `carreras`
--
ALTER TABLE `carreras`
  MODIFY `id` int(11) NOT NULL AUTO_INCREMENT, AUTO_INCREMENT=1587;

--
-- AUTO_INCREMENT de la tabla `codigo_carrera`
--
ALTER TABLE `codigo_carrera`
  MODIFY `id` int(11) NOT NULL AUTO_INCREMENT, AUTO_INCREMENT=129;

--
-- AUTO_INCREMENT de la tabla `codigo_facultad`
--
ALTER TABLE `codigo_facultad`
  MODIFY `id` int(11) NOT NULL AUTO_INCREMENT, AUTO_INCREMENT=11;

--
-- AUTO_INCREMENT de la tabla `color`
--
ALTER TABLE `color`
  MODIFY `id` int(11) NOT NULL AUTO_INCREMENT, AUTO_INCREMENT=4;

--
-- AUTO_INCREMENT de la tabla `convenio_universidad`
--
ALTER TABLE `convenio_universidad`
  MODIFY `id` int(11) NOT NULL AUTO_INCREMENT;

--
-- AUTO_INCREMENT de la tabla `convocatorias`
--
ALTER TABLE `convocatorias`
  MODIFY `id` int(11) NOT NULL AUTO_INCREMENT;

--
-- AUTO_INCREMENT de la tabla `creacion_becarios_has_users`
--
ALTER TABLE `creacion_becarios_has_users`
  MODIFY `id` int(11) NOT NULL AUTO_INCREMENT, AUTO_INCREMENT=5;

--
-- AUTO_INCREMENT de la tabla `datos_laboral`
--
ALTER TABLE `datos_laboral`
  MODIFY `id` int(11) NOT NULL AUTO_INCREMENT;

--
-- AUTO_INCREMENT de la tabla `datos_madre`
--
ALTER TABLE `datos_madre`
  MODIFY `id` int(11) NOT NULL AUTO_INCREMENT, AUTO_INCREMENT=27;

--
-- AUTO_INCREMENT de la tabla `datos_padre`
--
ALTER TABLE `datos_padre`
  MODIFY `id` int(11) NOT NULL AUTO_INCREMENT, AUTO_INCREMENT=24;

--
-- AUTO_INCREMENT de la tabla `datos_personales`
--
ALTER TABLE `datos_personales`
  MODIFY `id` int(11) NOT NULL AUTO_INCREMENT, AUTO_INCREMENT=48;

--
-- AUTO_INCREMENT de la tabla `datos_personales_has_carreras`
--
ALTER TABLE `datos_personales_has_carreras`
  MODIFY `id` int(11) NOT NULL AUTO_INCREMENT, AUTO_INCREMENT=17;

--
-- AUTO_INCREMENT de la tabla `departamento`
--
ALTER TABLE `departamento`
  MODIFY `id_depto` int(11) NOT NULL AUTO_INCREMENT, AUTO_INCREMENT=19;

--
-- AUTO_INCREMENT de la tabla `depa_asignado`
--
ALTER TABLE `depa_asignado`
  MODIFY `id` int(11) NOT NULL AUTO_INCREMENT, AUTO_INCREMENT=30;

--
-- AUTO_INCREMENT de la tabla `digitalizacion_documentos`
--
ALTER TABLE `digitalizacion_documentos`
  MODIFY `id` int(11) NOT NULL AUTO_INCREMENT, AUTO_INCREMENT=17;

--
-- AUTO_INCREMENT de la tabla `documento`
--
ALTER TABLE `documento`
  MODIFY `id_documento` int(11) NOT NULL AUTO_INCREMENT;

--
-- AUTO_INCREMENT de la tabla `estado_civil`
--
ALTER TABLE `estado_civil`
  MODIFY `id_estado_civil` int(11) NOT NULL AUTO_INCREMENT, AUTO_INCREMENT=4;

--
-- AUTO_INCREMENT de la tabla `estado_estudios`
--
ALTER TABLE `estado_estudios`
  MODIFY `id` int(11) NOT NULL AUTO_INCREMENT;

--
-- AUTO_INCREMENT de la tabla `estado_estudios_has_users`
--
ALTER TABLE `estado_estudios_has_users`
  MODIFY `id` int(11) NOT NULL AUTO_INCREMENT;

--
-- AUTO_INCREMENT de la tabla `extra_curricular`
--
ALTER TABLE `extra_curricular`
  MODIFY `id_extracurr` int(11) NOT NULL AUTO_INCREMENT;

--
-- AUTO_INCREMENT de la tabla `facultad`
--
ALTER TABLE `facultad`
  MODIFY `id` int(11) NOT NULL AUTO_INCREMENT, AUTO_INCREMENT=167;

--
-- AUTO_INCREMENT de la tabla `ficha_documentos`
--
ALTER TABLE `ficha_documentos`
  MODIFY ` id` int(11) NOT NULL AUTO_INCREMENT;

--
-- AUTO_INCREMENT de la tabla `genero`
--
ALTER TABLE `genero`
  MODIFY `id_genero` int(11) NOT NULL AUTO_INCREMENT, AUTO_INCREMENT=3;

--
-- AUTO_INCREMENT de la tabla `historial_sesiones`
--
ALTER TABLE `historial_sesiones`
  MODIFY `id` int(11) NOT NULL AUTO_INCREMENT, AUTO_INCREMENT=23;

--
-- AUTO_INCREMENT de la tabla `municipio`
--
ALTER TABLE `municipio`
  MODIFY `id_municipio` int(11) NOT NULL AUTO_INCREMENT, AUTO_INCREMENT=300;

--
-- AUTO_INCREMENT de la tabla `nombre_complementaria`
--
ALTER TABLE `nombre_complementaria`
  MODIFY `id` int(11) NOT NULL AUTO_INCREMENT, AUTO_INCREMENT=21;

--
-- AUTO_INCREMENT de la tabla `pagos`
--
ALTER TABLE `pagos`
  MODIFY `id_pagos` int(11) NOT NULL AUTO_INCREMENT;

--
-- AUTO_INCREMENT de la tabla `pagos_meses_universidad`
--
ALTER TABLE `pagos_meses_universidad`
  MODIFY `id` int(11) NOT NULL AUTO_INCREMENT, AUTO_INCREMENT=15;

--
-- AUTO_INCREMENT de la tabla `periodo_universidad`
--
ALTER TABLE `periodo_universidad`
  MODIFY `id` int(11) NOT NULL AUTO_INCREMENT, AUTO_INCREMENT=66;

--
-- AUTO_INCREMENT de la tabla `persona_dependiente`
--
ALTER TABLE `persona_dependiente`
  MODIFY `id` int(11) NOT NULL AUTO_INCREMENT, AUTO_INCREMENT=20;

--
-- AUTO_INCREMENT de la tabla `planilla_complementaria`
--
ALTER TABLE `planilla_complementaria`
  MODIFY `id` int(11) NOT NULL AUTO_INCREMENT;

--
-- AUTO_INCREMENT de la tabla `practica`
--
ALTER TABLE `practica`
  MODIFY `id` int(11) NOT NULL AUTO_INCREMENT;

--
-- AUTO_INCREMENT de la tabla `retenido`
--
ALTER TABLE `retenido`
  MODIFY `id` int(11) NOT NULL AUTO_INCREMENT;

--
-- AUTO_INCREMENT de la tabla `retenido_has_users`
--
ALTER TABLE `retenido_has_users`
  MODIFY `id` int(11) NOT NULL AUTO_INCREMENT;

--
-- AUTO_INCREMENT de la tabla `tipo_accion`
--
ALTER TABLE `tipo_accion`
  MODIFY `id` int(11) NOT NULL AUTO_INCREMENT;

--
-- AUTO_INCREMENT de la tabla `tipo_actualizacion`
--
ALTER TABLE `tipo_actualizacion`
  MODIFY `id` int(11) NOT NULL AUTO_INCREMENT;

--
-- AUTO_INCREMENT de la tabla `tipo_cargo`
--
ALTER TABLE `tipo_cargo`
  MODIFY `id_cargo` int(11) NOT NULL AUTO_INCREMENT;

--
-- AUTO_INCREMENT de la tabla `tipo_ingreso`
--
ALTER TABLE `tipo_ingreso`
  MODIFY `id_tipo_ingreso` int(11) NOT NULL AUTO_INCREMENT;

--
-- AUTO_INCREMENT de la tabla `tipo_periodo`
--
ALTER TABLE `tipo_periodo`
  MODIFY `id` int(11) NOT NULL AUTO_INCREMENT, AUTO_INCREMENT=3;

--
-- AUTO_INCREMENT de la tabla `universidad`
--
ALTER TABLE `universidad`
  MODIFY `id` int(11) NOT NULL AUTO_INCREMENT, AUTO_INCREMENT=22;

--
-- AUTO_INCREMENT de la tabla `users`
--
ALTER TABLE `users`
  MODIFY `id` int(11) NOT NULL AUTO_INCREMENT, AUTO_INCREMENT=14;

--
-- AUTO_INCREMENT de la tabla `users_has_actualizacion_periodo`
--
ALTER TABLE `users_has_actualizacion_periodo`
  MODIFY `id` int(11) NOT NULL AUTO_INCREMENT;

--
-- AUTO_INCREMENT de la tabla `users_has_becas`
--
ALTER TABLE `users_has_becas`
  MODIFY `id` int(11) NOT NULL AUTO_INCREMENT;

--
-- AUTO_INCREMENT de la tabla `users_has_calendario_universidad`
--
ALTER TABLE `users_has_calendario_universidad`
  MODIFY `id` int(11) NOT NULL AUTO_INCREMENT;

--
-- AUTO_INCREMENT de la tabla `users_has_meses_universidad`
--
ALTER TABLE `users_has_meses_universidad`
  MODIFY `id` int(11) NOT NULL AUTO_INCREMENT;

--
-- AUTO_INCREMENT de la tabla `users_has_nombre_complementaria`
--
ALTER TABLE `users_has_nombre_complementaria`
  MODIFY `id` int(11) NOT NULL AUTO_INCREMENT;

--
-- AUTO_INCREMENT de la tabla `users_has_practica`
--
ALTER TABLE `users_has_practica`
  MODIFY `id` int(11) NOT NULL AUTO_INCREMENT;

--
-- Restricciones para tablas volcadas
--

--
-- Filtros para la tabla `actividades`
--
ALTER TABLE `actividades`
  ADD CONSTRAINT `fk_actividades_poa1` FOREIGN KEY (`id_poa`) REFERENCES `poa` (`id_poa`) ON DELETE NO ACTION ON UPDATE NO ACTION;

--
-- Filtros para la tabla `actividades_has_users`
--
ALTER TABLE `actividades_has_users`
  ADD CONSTRAINT `fk_actividades_has_users_actividades1` FOREIGN KEY (`actividades_id_actividades`) REFERENCES `actividades` (`id_actividades`) ON DELETE NO ACTION ON UPDATE NO ACTION,
  ADD CONSTRAINT `fk_actividades_has_users_tipo_accion1` FOREIGN KEY (`tipo_accion_id`) REFERENCES `tipo_accion` (`id`) ON DELETE NO ACTION ON UPDATE NO ACTION,
  ADD CONSTRAINT `fk_actividades_has_users_users1` FOREIGN KEY (`users_id_users`) REFERENCES `users` (`id`) ON DELETE NO ACTION ON UPDATE NO ACTION;

--
-- Filtros para la tabla `actualizacion_periodo`
--
ALTER TABLE `actualizacion_periodo`
  ADD CONSTRAINT `fk_actualizacion_periodo_calendario_universidad1` FOREIGN KEY (`calendario_universidad_id`) REFERENCES `calendario_universidad` (`id`) ON DELETE NO ACTION ON UPDATE NO ACTION,
  ADD CONSTRAINT `fk_actualizacion_periodo_datos_personales1` FOREIGN KEY (`id_datos_personales`) REFERENCES `datos_personales` (`id`) ON DELETE NO ACTION ON UPDATE NO ACTION;

--
-- Filtros para la tabla `actulizacion_documentos_has_users`
--
ALTER TABLE `actulizacion_documentos_has_users`
  ADD CONSTRAINT `fk_actulizacion_documentos_has_users_actulizacion_documentos1` FOREIGN KEY (`actulizacion_documentos_id`) REFERENCES `actualizacion_documentos` (`id`) ON DELETE NO ACTION ON UPDATE NO ACTION,
  ADD CONSTRAINT `fk_actulizacion_documentos_has_users_tipo_accion1` FOREIGN KEY (`tipo_accion_id`) REFERENCES `tipo_accion` (`id`) ON DELETE NO ACTION ON UPDATE NO ACTION,
  ADD CONSTRAINT `fk_actulizacion_documentos_has_users_users1` FOREIGN KEY (`users_id_users`) REFERENCES `users` (`id`) ON DELETE NO ACTION ON UPDATE NO ACTION;

--
-- Filtros para la tabla `banco_has_users`
--
ALTER TABLE `banco_has_users`
  ADD CONSTRAINT `fk_banco_has_users_banco1` FOREIGN KEY (`banco_id_banco`) REFERENCES `banco` (`id_banco`) ON DELETE NO ACTION ON UPDATE NO ACTION,
  ADD CONSTRAINT `fk_banco_has_users_tipo_accion1` FOREIGN KEY (`tipo_accion_id`) REFERENCES `tipo_accion` (`id`) ON DELETE NO ACTION ON UPDATE NO ACTION,
  ADD CONSTRAINT `fk_banco_has_users_users1` FOREIGN KEY (`users_id_users`) REFERENCES `users` (`id`) ON DELETE NO ACTION ON UPDATE NO ACTION;

--
-- Filtros para la tabla `calendario_universidad`
--
ALTER TABLE `calendario_universidad`
  ADD CONSTRAINT `fk_calendario_universidad_universidad1` FOREIGN KEY (`universidad_id`) REFERENCES `universidad` (`id`) ON DELETE NO ACTION ON UPDATE NO ACTION;

--
-- Filtros para la tabla `cambio_universidad_has_users`
--
ALTER TABLE `cambio_universidad_has_users`
  ADD CONSTRAINT `fk_datos_personales_has_users_datos_personales1` FOREIGN KEY (`datos_personales_id`) REFERENCES `datos_personales` (`id`) ON DELETE NO ACTION ON UPDATE NO ACTION,
  ADD CONSTRAINT `fk_datos_personales_has_users_tipo_accion1` FOREIGN KEY (`tipo_accion_id`) REFERENCES `tipo_accion` (`id`) ON DELETE NO ACTION ON UPDATE NO ACTION,
  ADD CONSTRAINT `fk_datos_personales_has_users_users1` FOREIGN KEY (`users_id`) REFERENCES `users` (`id`) ON DELETE NO ACTION ON UPDATE NO ACTION;

--
-- Filtros para la tabla `campus`
--
ALTER TABLE `campus`
  ADD CONSTRAINT `fk_campus_municipio1` FOREIGN KEY (`id_municipio`) REFERENCES `municipio` (`id_municipio`) ON DELETE NO ACTION ON UPDATE NO ACTION,
  ADD CONSTRAINT `fk_campus_universidad1` FOREIGN KEY (`universidad_id`) REFERENCES `universidad` (`id`) ON DELETE NO ACTION ON UPDATE NO ACTION;

--
-- Filtros para la tabla `carreras`
--
ALTER TABLE `carreras`
  ADD CONSTRAINT `fk_carreras_codigo_carrera1` FOREIGN KEY (`codigo_id`) REFERENCES `codigo_carrera` (`id`) ON DELETE NO ACTION ON UPDATE NO ACTION,
  ADD CONSTRAINT `fk_carreras_facultad1` FOREIGN KEY (`facultad_id`) REFERENCES `facultad` (`id`) ON DELETE NO ACTION ON UPDATE NO ACTION;

--
-- Filtros para la tabla `carrera_has_users`
--
ALTER TABLE `carrera_has_users`
  ADD CONSTRAINT `fk_carrera_has_users_tipo_accion1` FOREIGN KEY (`tipo_accion_id`) REFERENCES `tipo_accion` (`id`) ON DELETE NO ACTION ON UPDATE NO ACTION,
  ADD CONSTRAINT `fk_carrera_has_users_users1` FOREIGN KEY (`users_id_users`) REFERENCES `users` (`id`) ON DELETE NO ACTION ON UPDATE NO ACTION;

--
-- Filtros para la tabla `compromiso_social_horas`
--
ALTER TABLE `compromiso_social_horas`
  ADD CONSTRAINT `fk_compromiso_social_horas_datos_personales2` FOREIGN KEY (`id_datos_personales`) REFERENCES `datos_personales` (`id`) ON DELETE NO ACTION ON UPDATE NO ACTION;

--
-- Filtros para la tabla `convenio_universidad`
--
ALTER TABLE `convenio_universidad`
  ADD CONSTRAINT `fk_convenio_universidad_universidad1` FOREIGN KEY (`universidad_id`) REFERENCES `universidad` (`id`) ON DELETE NO ACTION ON UPDATE NO ACTION;

--
-- Filtros para la tabla `convocatorias_has_users`
--
ALTER TABLE `convocatorias_has_users`
  ADD CONSTRAINT `fk_convocatorias_has_users_convocatorias1` FOREIGN KEY (`convocatorias_id`) REFERENCES `convocatorias` (`id`) ON DELETE NO ACTION ON UPDATE NO ACTION,
  ADD CONSTRAINT `fk_convocatorias_has_users_tipo_accion1` FOREIGN KEY (`tipo_accion_id`) REFERENCES `tipo_accion` (`id`) ON DELETE NO ACTION ON UPDATE NO ACTION,
  ADD CONSTRAINT `fk_convocatorias_has_users_users1` FOREIGN KEY (`users_id_users`) REFERENCES `users` (`id`) ON DELETE NO ACTION ON UPDATE NO ACTION;

--
-- Filtros para la tabla `creacion_becarios_has_users`
--
ALTER TABLE `creacion_becarios_has_users`
  ADD CONSTRAINT `fk_creacion_becarios_has_users_tipo_accion1` FOREIGN KEY (`tipo_accion_id`) REFERENCES `tipo_accion` (`id`) ON DELETE NO ACTION ON UPDATE NO ACTION,
  ADD CONSTRAINT `fk_datos_personales_has_users_datos_personales2` FOREIGN KEY (`datos_personales_id`) REFERENCES `datos_personales` (`id`) ON DELETE NO ACTION ON UPDATE NO ACTION,
  ADD CONSTRAINT `fk_datos_personales_has_users_users2` FOREIGN KEY (`users_id`) REFERENCES `users` (`id`) ON DELETE NO ACTION ON UPDATE NO ACTION;

--
-- Filtros para la tabla `datos_laboral`
--
ALTER TABLE `datos_laboral`
  ADD CONSTRAINT `datos_laboral_ibfk_1` FOREIGN KEY (`tipo_ingreso`) REFERENCES `tipo_ingreso` (`id_tipo_ingreso`) ON UPDATE CASCADE;

--
-- Filtros para la tabla `datos_madre_has_users`
--
ALTER TABLE `datos_madre_has_users`
  ADD CONSTRAINT `fk_datos_madre_has_users_datos_madre1` FOREIGN KEY (`datos_madre_id_madre`) REFERENCES `datos_madre` (`id`) ON DELETE NO ACTION ON UPDATE NO ACTION,
  ADD CONSTRAINT `fk_datos_madre_has_users_tipo_accion1` FOREIGN KEY (`tipo_accion_id`) REFERENCES `tipo_accion` (`id`) ON DELETE NO ACTION ON UPDATE NO ACTION,
  ADD CONSTRAINT `fk_datos_madre_has_users_users1` FOREIGN KEY (`users_id_users`) REFERENCES `users` (`id`) ON DELETE NO ACTION ON UPDATE NO ACTION;

--
-- Filtros para la tabla `datos_padre_has_users`
--
ALTER TABLE `datos_padre_has_users`
  ADD CONSTRAINT `fk_datos_padre_has_users_datos_padre1` FOREIGN KEY (`datos_padre_id_padre`) REFERENCES `datos_padre` (`id`) ON DELETE NO ACTION ON UPDATE NO ACTION,
  ADD CONSTRAINT `fk_datos_padre_has_users_tipo_accion1` FOREIGN KEY (`tipo_accion_id`) REFERENCES `tipo_accion` (`id`) ON DELETE NO ACTION ON UPDATE NO ACTION,
  ADD CONSTRAINT `fk_datos_padre_has_users_users1` FOREIGN KEY (`users_id_users`) REFERENCES `users` (`id`) ON DELETE NO ACTION ON UPDATE NO ACTION;

--
-- Filtros para la tabla `datos_personales`
--
ALTER TABLE `datos_personales`
  ADD CONSTRAINT `datos_laboral` FOREIGN KEY (`id_laboral`) REFERENCES `datos_laboral` (`id`) ON UPDATE CASCADE,
  ADD CONSTRAINT `estado_civil` FOREIGN KEY (`estado_civil`) REFERENCES `estado_civil` (`id_estado_civil`) ON UPDATE CASCADE,
  ADD CONSTRAINT `fk_datos_personales_actulizacion_documentos1` FOREIGN KEY (`id_documentos`) REFERENCES `actualizacion_documentos` (`id`) ON DELETE NO ACTION ON UPDATE NO ACTION,
  ADD CONSTRAINT `fk_datos_personales_banco1` FOREIGN KEY (`id_banco`) REFERENCES `banco` (`id_banco`) ON DELETE NO ACTION ON UPDATE NO ACTION,
  ADD CONSTRAINT `fk_datos_personales_becas1` FOREIGN KEY (`becas_id`) REFERENCES `becas` (`id`) ON DELETE NO ACTION ON UPDATE NO ACTION,
  ADD CONSTRAINT `fk_datos_personales_departamento1` FOREIGN KEY (`departamento_residencia`) REFERENCES `departamento` (`id_depto`) ON DELETE NO ACTION ON UPDATE NO ACTION,
  ADD CONSTRAINT `fk_datos_personales_grupo_becarios1` FOREIGN KEY (`id_grupo_becarios`) REFERENCES `grupo_becarios` (`id_grupo_becarios`) ON DELETE NO ACTION ON UPDATE NO ACTION,
  ADD CONSTRAINT `genero` FOREIGN KEY (`genero`) REFERENCES `genero` (`id_genero`) ON UPDATE CASCADE,
  ADD CONSTRAINT `id_extracurric` FOREIGN KEY (`id_extracurr`) REFERENCES `extra_curricular` (`id_extracurr`) ON UPDATE CASCADE,
  ADD CONSTRAINT `id_padre` FOREIGN KEY (`id_padre`) REFERENCES `datos_padre` (`id`) ON UPDATE CASCADE,
  ADD CONSTRAINT `madre` FOREIGN KEY (`id_madre`) REFERENCES `datos_madre` (`id`) ON UPDATE CASCADE,
  ADD CONSTRAINT `municipio` FOREIGN KEY (`id_municipio`) REFERENCES `municipio` (`id_municipio`) ON UPDATE CASCADE,
  ADD CONSTRAINT `tipo_cargo` FOREIGN KEY (`id_cargo`) REFERENCES `tipo_cargo` (`id_cargo`) ON UPDATE CASCADE;

--
-- Filtros para la tabla `datos_personales_has_carreras`
--
ALTER TABLE `datos_personales_has_carreras`
  ADD CONSTRAINT `fk_datos_personales_has_carreras_carreras1` FOREIGN KEY (`carrera_id`) REFERENCES `carreras` (`id`) ON DELETE NO ACTION ON UPDATE NO ACTION,
  ADD CONSTRAINT `fk_datos_personales_has_carreras_datos_personales1` FOREIGN KEY (`id_datos_personales`) REFERENCES `datos_personales` (`id`) ON DELETE NO ACTION ON UPDATE NO ACTION;

--
-- Filtros para la tabla `depa_asignado`
--
ALTER TABLE `depa_asignado`
  ADD CONSTRAINT `fk_depa_asignado_departamento1` FOREIGN KEY (`departamento_id_depto`) REFERENCES `departamento` (`id_depto`) ON DELETE NO ACTION ON UPDATE NO ACTION,
  ADD CONSTRAINT `fk_depa_asignado_users1` FOREIGN KEY (`users_id`) REFERENCES `users` (`id`) ON DELETE NO ACTION ON UPDATE NO ACTION;

--
-- Filtros para la tabla `digitalizacion_documentos`
--
ALTER TABLE `digitalizacion_documentos`
  ADD CONSTRAINT `fk_digitalizacion_documentos_datos_personales1` FOREIGN KEY (`datos_personales_id`) REFERENCES `datos_personales` (`id`) ON DELETE NO ACTION ON UPDATE NO ACTION;

--
-- Filtros para la tabla `documento`
--
ALTER TABLE `documento`
  ADD CONSTRAINT `fk_documento_convocatorias1` FOREIGN KEY (`id_convocatoria`) REFERENCES `convocatorias` (`id`) ON DELETE NO ACTION ON UPDATE NO ACTION,
  ADD CONSTRAINT `solicitantee` FOREIGN KEY (`id_solicitante`) REFERENCES `datos_personales` (`id`) ON UPDATE CASCADE;

--
-- Filtros para la tabla `documento_has_users`
--
ALTER TABLE `documento_has_users`
  ADD CONSTRAINT `fk_documento_has_users_documento1` FOREIGN KEY (`documento_id_documento`) REFERENCES `documento` (`id_documento`) ON DELETE NO ACTION ON UPDATE NO ACTION,
  ADD CONSTRAINT `fk_documento_has_users_tipo_accion1` FOREIGN KEY (`tipo_accion_id`) REFERENCES `tipo_accion` (`id`) ON DELETE NO ACTION ON UPDATE NO ACTION,
  ADD CONSTRAINT `fk_documento_has_users_users1` FOREIGN KEY (`users_id_users`) REFERENCES `users` (`id`) ON DELETE NO ACTION ON UPDATE NO ACTION;

--
-- Filtros para la tabla `estado_civil_has_users`
--
ALTER TABLE `estado_civil_has_users`
  ADD CONSTRAINT `fk_estado_civil_has_users_estado_civil1` FOREIGN KEY (`estado_civil_id_estado_civil`) REFERENCES `estado_civil` (`id_estado_civil`) ON DELETE NO ACTION ON UPDATE NO ACTION,
  ADD CONSTRAINT `fk_estado_civil_has_users_tipo_accion1` FOREIGN KEY (`tipo_accion_id`) REFERENCES `tipo_accion` (`id`) ON DELETE NO ACTION ON UPDATE NO ACTION,
  ADD CONSTRAINT `fk_estado_civil_has_users_users1` FOREIGN KEY (`users_id_users`) REFERENCES `users` (`id`) ON DELETE NO ACTION ON UPDATE NO ACTION;

--
-- Filtros para la tabla `estado_estudios`
--
ALTER TABLE `estado_estudios`
  ADD CONSTRAINT `fk_estado_estudios_datos_personales1` FOREIGN KEY (`datos_personales_id`) REFERENCES `datos_personales` (`id`) ON DELETE NO ACTION ON UPDATE NO ACTION;

--
-- Filtros para la tabla `estado_estudios_has_users`
--
ALTER TABLE `estado_estudios_has_users`
  ADD CONSTRAINT `fk_estado_estudios_has_users_estado_estudios1` FOREIGN KEY (`estado_estudios_id`) REFERENCES `estado_estudios` (`id`) ON DELETE NO ACTION ON UPDATE NO ACTION,
  ADD CONSTRAINT `fk_estado_estudios_has_users_tipo_accion1` FOREIGN KEY (`tipo_accion_id`) REFERENCES `tipo_accion` (`id`) ON DELETE NO ACTION ON UPDATE NO ACTION,
  ADD CONSTRAINT `fk_estado_estudios_has_users_users1` FOREIGN KEY (`users_id`) REFERENCES `users` (`id`) ON DELETE NO ACTION ON UPDATE NO ACTION;

--
-- Filtros para la tabla `estado_pago_has_users`
--
ALTER TABLE `estado_pago_has_users`
  ADD CONSTRAINT `fk_estado_pago_has_users_estado_pago1` FOREIGN KEY (`estado_pago_id_estado_pago`) REFERENCES `estado_pago` (`id_estado_pago`) ON DELETE NO ACTION ON UPDATE NO ACTION,
  ADD CONSTRAINT `fk_estado_pago_has_users_users1` FOREIGN KEY (`users_id`) REFERENCES `users` (`id`) ON DELETE NO ACTION ON UPDATE NO ACTION;

--
-- Filtros para la tabla `extra_curricular_has_users`
--
ALTER TABLE `extra_curricular_has_users`
  ADD CONSTRAINT `fk_extra_curricular_has_users_extra_curricular1` FOREIGN KEY (`extra_curricular_id_extracurr`) REFERENCES `extra_curricular` (`id_extracurr`) ON DELETE NO ACTION ON UPDATE NO ACTION,
  ADD CONSTRAINT `fk_extra_curricular_has_users_tipo_accion1` FOREIGN KEY (`tipo_accion_id`) REFERENCES `tipo_accion` (`id`) ON DELETE NO ACTION ON UPDATE NO ACTION,
  ADD CONSTRAINT `fk_extra_curricular_has_users_users1` FOREIGN KEY (`users_id_users`) REFERENCES `users` (`id`) ON DELETE NO ACTION ON UPDATE NO ACTION;

--
-- Filtros para la tabla `facultad`
--
ALTER TABLE `facultad`
  ADD CONSTRAINT `fk_facultad_campus1` FOREIGN KEY (`campus_id`) REFERENCES `campus` (`id`) ON DELETE NO ACTION ON UPDATE NO ACTION,
  ADD CONSTRAINT `fk_facultad_codigo_facultad1` FOREIGN KEY (`codigo_facultad_id`) REFERENCES `codigo_facultad` (`id`) ON DELETE NO ACTION ON UPDATE NO ACTION;

--
-- Filtros para la tabla `ficha_documentos`
--
ALTER TABLE `ficha_documentos`
  ADD CONSTRAINT `fk_ficha_documentos_datos_personales1` FOREIGN KEY (`datos_personales_id`) REFERENCES `datos_personales` (`id`) ON DELETE NO ACTION ON UPDATE NO ACTION;

--
-- Filtros para la tabla `grupo_becarios`
--
ALTER TABLE `grupo_becarios`
  ADD CONSTRAINT `fk_grupo_becarios_datos_personales1` FOREIGN KEY (`id_guia`) REFERENCES `datos_personales` (`id`) ON DELETE NO ACTION ON UPDATE NO ACTION,
  ADD CONSTRAINT `fk_grupo_becarios_tipo_casas1` FOREIGN KEY (`id_casa`) REFERENCES `tipo_casas` (`id_casa`) ON DELETE NO ACTION ON UPDATE NO ACTION,
  ADD CONSTRAINT `fk_grupo_becarios_tipo_grupo1` FOREIGN KEY (`id_tipo_grupo`) REFERENCES `tipo_grupo` (`id_tipo_grupo`) ON DELETE NO ACTION ON UPDATE NO ACTION;

--
-- Filtros para la tabla `grupo_becarios_has_users`
--
ALTER TABLE `grupo_becarios_has_users`
  ADD CONSTRAINT `fk_grupo_becarios_has_users_grupo_becarios1` FOREIGN KEY (`grupo_becarios_id_grupo_becarios`) REFERENCES `grupo_becarios` (`id_grupo_becarios`) ON DELETE NO ACTION ON UPDATE NO ACTION,
  ADD CONSTRAINT `fk_grupo_becarios_has_users_tipo_accion1` FOREIGN KEY (`tipo_accion_id`) REFERENCES `tipo_accion` (`id`) ON DELETE NO ACTION ON UPDATE NO ACTION,
  ADD CONSTRAINT `fk_grupo_becarios_has_users_users1` FOREIGN KEY (`users_id_users`) REFERENCES `users` (`id`) ON DELETE NO ACTION ON UPDATE NO ACTION;

--
-- Filtros para la tabla `historial_sesiones`
--
ALTER TABLE `historial_sesiones`
  ADD CONSTRAINT `fk_historial_sesiones_users1` FOREIGN KEY (`users_id`) REFERENCES `users` (`id`) ON DELETE NO ACTION ON UPDATE NO ACTION;

--
-- Filtros para la tabla `indicadores`
--
ALTER TABLE `indicadores`
  ADD CONSTRAINT `fk_indicadores_actividades1` FOREIGN KEY (`id_actividades`) REFERENCES `actividades` (`id_actividades`) ON DELETE NO ACTION ON UPDATE NO ACTION;

--
-- Filtros para la tabla `municipio`
--
ALTER TABLE `municipio`
  ADD CONSTRAINT `municipio_ibfk_1` FOREIGN KEY (`id_depto`) REFERENCES `departamento` (`id_depto`) ON UPDATE CASCADE;

--
-- Filtros para la tabla `nombre_complementaria`
--
ALTER TABLE `nombre_complementaria`
  ADD CONSTRAINT `fk_nombre_complementaria_users1` FOREIGN KEY (`users_id`) REFERENCES `users` (`id`) ON DELETE NO ACTION ON UPDATE NO ACTION;

--
-- Filtros para la tabla `pagos`
--
ALTER TABLE `pagos`
  ADD CONSTRAINT `fk_pagos_datos_personales1` FOREIGN KEY (`id_datos_personales`) REFERENCES `datos_personales` (`id`) ON DELETE NO ACTION ON UPDATE NO ACTION,
  ADD CONSTRAINT `fk_pagos_estado_pago1` FOREIGN KEY (`id_estado_pago`) REFERENCES `estado_pago` (`id_estado_pago`) ON DELETE NO ACTION ON UPDATE NO ACTION,
  ADD CONSTRAINT `fk_pagos_tipo_pago1` FOREIGN KEY (`id_tipo_pago`) REFERENCES `tipo_pago` (`id_tipo_pago`) ON DELETE NO ACTION ON UPDATE NO ACTION;

--
-- Filtros para la tabla `pagos_has_users`
--
ALTER TABLE `pagos_has_users`
  ADD CONSTRAINT `fk_pagos_has_users_pagos1` FOREIGN KEY (`id_pagos`) REFERENCES `pagos` (`id_pagos`) ON DELETE NO ACTION ON UPDATE NO ACTION,
  ADD CONSTRAINT `fk_pagos_has_users_tipo_accion1` FOREIGN KEY (`tipo_accion_id`) REFERENCES `tipo_accion` (`id`) ON DELETE NO ACTION ON UPDATE NO ACTION,
  ADD CONSTRAINT `fk_pagos_has_users_users1` FOREIGN KEY (`id_users`) REFERENCES `users` (`id`) ON DELETE NO ACTION ON UPDATE NO ACTION;

--
-- Filtros para la tabla `pagos_meses_universidad`
--
ALTER TABLE `pagos_meses_universidad`
  ADD CONSTRAINT `fk_pagos_meses_universidad_universidad1` FOREIGN KEY (`universidad_id`) REFERENCES `universidad` (`id`) ON DELETE NO ACTION ON UPDATE NO ACTION;

--
-- Filtros para la tabla `periodo_universidad`
--
ALTER TABLE `periodo_universidad`
  ADD CONSTRAINT `fk_periodo_universidad_universidad1` FOREIGN KEY (`universidad_id`) REFERENCES `universidad` (`id`) ON DELETE NO ACTION ON UPDATE NO ACTION;

--
-- Filtros para la tabla `persona_dependiente`
--
ALTER TABLE `persona_dependiente`
  ADD CONSTRAINT `fk_persona_dependiente_datos_personales1` FOREIGN KEY (`id_datos_personales`) REFERENCES `datos_personales` (`id`) ON DELETE NO ACTION ON UPDATE NO ACTION;

--
-- Filtros para la tabla `per_act`
--
ALTER TABLE `per_act`
  ADD CONSTRAINT `fk_per_act_actividades1` FOREIGN KEY (`actividades_id_actividades`) REFERENCES `actividades` (`id_actividades`) ON DELETE NO ACTION ON UPDATE NO ACTION,
  ADD CONSTRAINT `fk_per_act_datos_personales2` FOREIGN KEY (`id_datos_personales`) REFERENCES `datos_personales` (`id`) ON DELETE NO ACTION ON UPDATE NO ACTION;

--
-- Filtros para la tabla `per_com`
--
ALTER TABLE `per_com`
  ADD CONSTRAINT `fk_per_com_compromiso_politico1` FOREIGN KEY (`id_cpolitico`) REFERENCES `compromiso_politico` (`id_cpolitico`) ON DELETE NO ACTION ON UPDATE NO ACTION,
  ADD CONSTRAINT `fk_per_com_datos_personales1` FOREIGN KEY (`id_datos_personales`) REFERENCES `datos_personales` (`id`) ON DELETE NO ACTION ON UPDATE NO ACTION;

--
-- Filtros para la tabla `planilla_complementaria`
--
ALTER TABLE `planilla_complementaria`
  ADD CONSTRAINT `fk_planilla_complementaria_datos_personales1` FOREIGN KEY (`datos_personales_id`) REFERENCES `datos_personales` (`id`) ON DELETE NO ACTION ON UPDATE NO ACTION,
  ADD CONSTRAINT `fk_planilla_complementaria_nombre_complementaria1` FOREIGN KEY (`nombre_complementaria_id`) REFERENCES `nombre_complementaria` (`id`) ON DELETE NO ACTION ON UPDATE NO ACTION,
  ADD CONSTRAINT `fk_planilla_complementaria_users1` FOREIGN KEY (`users_id`) REFERENCES `users` (`id`) ON DELETE NO ACTION ON UPDATE NO ACTION;

--
-- Filtros para la tabla `practica`
--
ALTER TABLE `practica`
  ADD CONSTRAINT `fk_practica_datos_personales1` FOREIGN KEY (`datos_personales_id`) REFERENCES `datos_personales` (`id`) ON DELETE NO ACTION ON UPDATE NO ACTION;

--
-- Filtros para la tabla `retenido`
--
ALTER TABLE `retenido`
  ADD CONSTRAINT `retenido` FOREIGN KEY (`id_datos_personales`) REFERENCES `datos_personales` (`id`) ON UPDATE CASCADE;

--
-- Filtros para la tabla `retenido_has_users`
--
ALTER TABLE `retenido_has_users`
  ADD CONSTRAINT `fk_retenido_has_users_retenido1` FOREIGN KEY (`id_retenido`) REFERENCES `retenido` (`id`) ON DELETE NO ACTION ON UPDATE NO ACTION,
  ADD CONSTRAINT `fk_retenido_has_users_tipo_accion1` FOREIGN KEY (`tipo_accion_id`) REFERENCES `tipo_accion` (`id`) ON DELETE NO ACTION ON UPDATE NO ACTION,
  ADD CONSTRAINT `fk_retenido_has_users_users1` FOREIGN KEY (`id_users`) REFERENCES `users` (`id`) ON DELETE NO ACTION ON UPDATE NO ACTION;

--
-- Filtros para la tabla `tipo_accion`
--
ALTER TABLE `tipo_accion`
  ADD CONSTRAINT `fk_tipo_accion_color1` FOREIGN KEY (`color_id`) REFERENCES `color` (`id`) ON DELETE NO ACTION ON UPDATE NO ACTION;

--
-- Filtros para la tabla `tipo_cargo_has_users`
--
ALTER TABLE `tipo_cargo_has_users`
  ADD CONSTRAINT `fk_tipo_cargo_has_users_tipo_accion1` FOREIGN KEY (`tipo_accion_id`) REFERENCES `tipo_accion` (`id`) ON DELETE NO ACTION ON UPDATE NO ACTION,
  ADD CONSTRAINT `fk_tipo_cargo_has_users_tipo_cargo1` FOREIGN KEY (`tipo_cargo_id_cargo`) REFERENCES `tipo_cargo` (`id_cargo`) ON DELETE NO ACTION ON UPDATE NO ACTION,
  ADD CONSTRAINT `fk_tipo_cargo_has_users_users1` FOREIGN KEY (`users_id_users`) REFERENCES `users` (`id`) ON DELETE NO ACTION ON UPDATE NO ACTION;

--
-- Filtros para la tabla `tipo_casas_has_users`
--
ALTER TABLE `tipo_casas_has_users`
  ADD CONSTRAINT `fk_tipo_casas_has_users_tipo_accion1` FOREIGN KEY (`tipo_accion_id`) REFERENCES `tipo_accion` (`id`) ON DELETE NO ACTION ON UPDATE NO ACTION,
  ADD CONSTRAINT `fk_tipo_casas_has_users_tipo_casas1` FOREIGN KEY (`tipo_casas_id_casa`) REFERENCES `tipo_casas` (`id_casa`) ON DELETE NO ACTION ON UPDATE NO ACTION,
  ADD CONSTRAINT `fk_tipo_casas_has_users_users1` FOREIGN KEY (`users_id_users`) REFERENCES `users` (`id`) ON DELETE NO ACTION ON UPDATE NO ACTION;

--
-- Filtros para la tabla `tipo_grupo_has_users`
--
ALTER TABLE `tipo_grupo_has_users`
  ADD CONSTRAINT `fk_tipo_grupo_has_users_tipo_accion1` FOREIGN KEY (`tipo_accion_id`) REFERENCES `tipo_accion` (`id`) ON DELETE NO ACTION ON UPDATE NO ACTION,
  ADD CONSTRAINT `fk_tipo_grupo_has_users_tipo_grupo1` FOREIGN KEY (`tipo_grupo_id_tipo_grupo`) REFERENCES `tipo_grupo` (`id_tipo_grupo`) ON DELETE NO ACTION ON UPDATE NO ACTION,
  ADD CONSTRAINT `fk_tipo_grupo_has_users_users1` FOREIGN KEY (`users_id_users`) REFERENCES `users` (`id`) ON DELETE NO ACTION ON UPDATE NO ACTION;

--
-- Filtros para la tabla `tipo_ingreso_has_users`
--
ALTER TABLE `tipo_ingreso_has_users`
  ADD CONSTRAINT `fk_tipo_ingreso_has_users_tipo_accion1` FOREIGN KEY (`tipo_accion_id`) REFERENCES `tipo_accion` (`id`) ON DELETE NO ACTION ON UPDATE NO ACTION,
  ADD CONSTRAINT `fk_tipo_ingreso_has_users_tipo_ingreso1` FOREIGN KEY (`tipo_ingreso_id_tipo_ingreso`) REFERENCES `tipo_ingreso` (`id_tipo_ingreso`) ON DELETE NO ACTION ON UPDATE NO ACTION,
  ADD CONSTRAINT `fk_tipo_ingreso_has_users_users1` FOREIGN KEY (`users_id_users`) REFERENCES `users` (`id`) ON DELETE NO ACTION ON UPDATE NO ACTION;

--
-- Filtros para la tabla `users_has_actualizacion_periodo`
--
ALTER TABLE `users_has_actualizacion_periodo`
  ADD CONSTRAINT `fk_users_has_actualizacion_periodo_actualizacion_periodo1` FOREIGN KEY (`actualizacion_periodo_id`) REFERENCES `actualizacion_periodo` (`id`) ON DELETE NO ACTION ON UPDATE NO ACTION,
  ADD CONSTRAINT `fk_users_has_actualizacion_periodo_tipo_accion1` FOREIGN KEY (`tipo_accion_id`) REFERENCES `tipo_accion` (`id`) ON DELETE NO ACTION ON UPDATE NO ACTION,
  ADD CONSTRAINT `fk_users_has_actualizacion_periodo_users1` FOREIGN KEY (`users_id`) REFERENCES `users` (`id`) ON DELETE NO ACTION ON UPDATE NO ACTION;

--
-- Filtros para la tabla `users_has_becas`
--
ALTER TABLE `users_has_becas`
  ADD CONSTRAINT `fk_users_has_becas_becas1` FOREIGN KEY (`becas_id`) REFERENCES `becas` (`id`) ON DELETE NO ACTION ON UPDATE NO ACTION,
  ADD CONSTRAINT `fk_users_has_becas_tipo_accion1` FOREIGN KEY (`tipo_accion_id`) REFERENCES `tipo_accion` (`id`) ON DELETE NO ACTION ON UPDATE NO ACTION,
  ADD CONSTRAINT `fk_users_has_becas_users1` FOREIGN KEY (`users_id`) REFERENCES `users` (`id`) ON DELETE NO ACTION ON UPDATE NO ACTION;

--
-- Filtros para la tabla `users_has_calendario_universidad`
--
ALTER TABLE `users_has_calendario_universidad`
  ADD CONSTRAINT `fk_users_has_calendario_universidad_calendario_universidad1` FOREIGN KEY (`calendario_universidad_id`) REFERENCES `calendario_universidad` (`id`) ON DELETE NO ACTION ON UPDATE NO ACTION,
  ADD CONSTRAINT `fk_users_has_calendario_universidad_tipo_accion1` FOREIGN KEY (`tipo_accion_id`) REFERENCES `tipo_accion` (`id`) ON DELETE NO ACTION ON UPDATE NO ACTION,
  ADD CONSTRAINT `fk_users_has_calendario_universidad_users1` FOREIGN KEY (`users_id`) REFERENCES `users` (`id`) ON DELETE NO ACTION ON UPDATE NO ACTION;

--
-- Filtros para la tabla `users_has_compromiso_politico`
--
ALTER TABLE `users_has_compromiso_politico`
  ADD CONSTRAINT `fk_users_has_compromiso_politico_compromiso_politico1` FOREIGN KEY (`compromiso_politico_id_cpolitico`) REFERENCES `compromiso_politico` (`id_cpolitico`) ON DELETE NO ACTION ON UPDATE NO ACTION,
  ADD CONSTRAINT `fk_users_has_compromiso_politico_tipo_accion1` FOREIGN KEY (`tipo_accion_id`) REFERENCES `tipo_accion` (`id`) ON DELETE NO ACTION ON UPDATE NO ACTION,
  ADD CONSTRAINT `fk_users_has_compromiso_politico_users1` FOREIGN KEY (`users_id_users`) REFERENCES `users` (`id`) ON DELETE NO ACTION ON UPDATE NO ACTION;

--
-- Filtros para la tabla `users_has_compromiso_social_horas`
--
ALTER TABLE `users_has_compromiso_social_horas`
  ADD CONSTRAINT `fk_users_has_compromiso_social_horas_compromiso_social_horas1` FOREIGN KEY (`compromiso_social_horas_id_compromiso`) REFERENCES `compromiso_social_horas` (`id_compromiso`) ON DELETE NO ACTION ON UPDATE NO ACTION,
  ADD CONSTRAINT `fk_users_has_compromiso_social_horas_tipo_accion1` FOREIGN KEY (`tipo_accion_id`) REFERENCES `tipo_accion` (`id`) ON DELETE NO ACTION ON UPDATE NO ACTION,
  ADD CONSTRAINT `fk_users_has_compromiso_social_horas_users1` FOREIGN KEY (`users_id_users`) REFERENCES `users` (`id`) ON DELETE NO ACTION ON UPDATE NO ACTION;

--
-- Filtros para la tabla `users_has_datos_laboral`
--
ALTER TABLE `users_has_datos_laboral`
  ADD CONSTRAINT `fk_users_has_datos_laboral_datos_laboral1` FOREIGN KEY (`datos_laboral_id`) REFERENCES `datos_laboral` (`id`) ON DELETE NO ACTION ON UPDATE NO ACTION,
  ADD CONSTRAINT `fk_users_has_datos_laboral_tipo_accion1` FOREIGN KEY (`tipo_accion_id`) REFERENCES `tipo_accion` (`id`) ON DELETE NO ACTION ON UPDATE NO ACTION,
  ADD CONSTRAINT `fk_users_has_datos_laboral_users1` FOREIGN KEY (`users_id_users`) REFERENCES `users` (`id`) ON DELETE NO ACTION ON UPDATE NO ACTION;

--
-- Filtros para la tabla `users_has_meses_universidad`
--
ALTER TABLE `users_has_meses_universidad`
  ADD CONSTRAINT `fk_users_has_pagos_meses_universidad_pagos_meses_universidad1` FOREIGN KEY (`pagos_meses_universidad_id`) REFERENCES `pagos_meses_universidad` (`id`) ON DELETE NO ACTION ON UPDATE NO ACTION,
  ADD CONSTRAINT `fk_users_has_pagos_meses_universidad_tipo_accion1` FOREIGN KEY (`tipo_accion_id`) REFERENCES `tipo_accion` (`id`) ON DELETE NO ACTION ON UPDATE NO ACTION,
  ADD CONSTRAINT `fk_users_has_pagos_meses_universidad_users1` FOREIGN KEY (`users_id`) REFERENCES `users` (`id`) ON DELETE NO ACTION ON UPDATE NO ACTION;

--
-- Filtros para la tabla `users_has_nombre_complementaria`
--
ALTER TABLE `users_has_nombre_complementaria`
  ADD CONSTRAINT `fk_users_has_nombre_complementaria_nombre_complementaria1` FOREIGN KEY (`nombre_complementaria_id`) REFERENCES `nombre_complementaria` (`id`) ON DELETE NO ACTION ON UPDATE NO ACTION,
  ADD CONSTRAINT `fk_users_has_nombre_complementaria_tipo_accion1` FOREIGN KEY (`tipo_accion_id`) REFERENCES `tipo_accion` (`id`) ON DELETE NO ACTION ON UPDATE NO ACTION,
  ADD CONSTRAINT `fk_users_has_nombre_complementaria_users1` FOREIGN KEY (`users_id`) REFERENCES `users` (`id`) ON DELETE NO ACTION ON UPDATE NO ACTION;

--
-- Filtros para la tabla `users_has_per_act`
--
ALTER TABLE `users_has_per_act`
  ADD CONSTRAINT `fk_users_has_per_act_per_act1` FOREIGN KEY (`per_act_id_per_act`) REFERENCES `per_act` (`id_per_act`) ON DELETE NO ACTION ON UPDATE NO ACTION,
  ADD CONSTRAINT `fk_users_has_per_act_tipo_accion1` FOREIGN KEY (`tipo_accion_id`) REFERENCES `tipo_accion` (`id`) ON DELETE NO ACTION ON UPDATE NO ACTION,
  ADD CONSTRAINT `fk_users_has_per_act_users1` FOREIGN KEY (`users_id_users`) REFERENCES `users` (`id`) ON DELETE NO ACTION ON UPDATE NO ACTION;

--
-- Filtros para la tabla `users_has_per_com`
--
ALTER TABLE `users_has_per_com`
  ADD CONSTRAINT `fk_users_has_per_com_per_com1` FOREIGN KEY (`per_com_id_per_com`) REFERENCES `per_com` (`id_per_com`) ON DELETE NO ACTION ON UPDATE NO ACTION,
  ADD CONSTRAINT `fk_users_has_per_com_tipo_accion1` FOREIGN KEY (`tipo_accion_id`) REFERENCES `tipo_accion` (`id`) ON DELETE NO ACTION ON UPDATE NO ACTION,
  ADD CONSTRAINT `fk_users_has_per_com_users1` FOREIGN KEY (`users_id_users`) REFERENCES `users` (`id`) ON DELETE NO ACTION ON UPDATE NO ACTION;

--
-- Filtros para la tabla `users_has_practica`
--
ALTER TABLE `users_has_practica`
  ADD CONSTRAINT `fk_users_has_practica_practica1` FOREIGN KEY (`practica_id`) REFERENCES `practica` (`id`) ON DELETE NO ACTION ON UPDATE NO ACTION,
  ADD CONSTRAINT `fk_users_has_practica_tipo_accion1` FOREIGN KEY (`tipo_accion_id`) REFERENCES `tipo_accion` (`id`) ON DELETE NO ACTION ON UPDATE NO ACTION,
  ADD CONSTRAINT `fk_users_has_practica_users1` FOREIGN KEY (`users_id`) REFERENCES `users` (`id`) ON DELETE NO ACTION ON UPDATE NO ACTION;
COMMIT;

/*!40101 SET CHARACTER_SET_CLIENT=@OLD_CHARACTER_SET_CLIENT */;
/*!40101 SET CHARACTER_SET_RESULTS=@OLD_CHARACTER_SET_RESULTS */;
/*!40101 SET COLLATION_CONNECTION=@OLD_COLLATION_CONNECTION */;
